{"resource":"playerdashptpass","parameters":{"PerMode":"Totals","LeagueID":"00","Season":"2015-16","SeasonType":"Regular Season","PlayerID":101106,"TeamID":0,"Outcome":null,"Location":null,"Month":0,"SeasonSegment":null,"DateFrom":null,"DateTo":null,"OpponentTeamID":0,"VsConference":null,"VsDivision":null,"LastNGames":0},"resultSets":[{"name":"PassesMade","headers":["PLAYER_ID","PLAYER_NAME_LAST_FIRST","TEAM_NAME","TEAM_ID","PASS_TYPE","G","PASS_TO","PASS_TEAMMATE_PLAYER_ID","FREQUENCY","PASS","AST","FGM","FGA","FG_PCT","FG2M","FG2A","FG2_PCT","FG3M","FG3A","FG3_PCT"],"rowSet":[[101106,"Bogut, Andrew","Golden State Warriors",1610612744,"made",53,"Curry, Stephen",201939,0.415,689,47,87,151,0.576,53,85,0.624,34,66,0.515],[101106,"Bogut, Andrew","Golden State Warriors",1610612744,"made",53,"Green, Draymond",203110,0.2,332,13,14,44,0.318,6,23,0.261,8,21,0.381],[101106,"Bogut, Andrew","Golden State Warriors",1610612744,"made",53,"Thompson, Klay",202691,0.147,244,34,47,100,0.47,32,59,0.542,15,41,0.366],[101106,"Bogut, Andrew","Golden State Warriors",1610612744,"made",53,"Livingston, Shaun",2733,0.066,109,3,7,14,0.5,7,14,0.5,0,0,0.0],[101106,"Bogut, Andrew","Golden State Warriors",1610612744,"made",53,"Iguodala, Andre",2738,0.058,97,9,11,19,0.579,6,9,0.667,5,10,0.5],[101106,"Bogut, Andrew","Golden State Warriors",1610612744,"made",53,"Barnes, Harrison",203084,0.05,83,5,9,21,0.429,7,15,0.467,2,6,0.333],[101106,"Bogut, Andrew","Golden State Warriors",1610612744,"made",53,"Rush, Brandon",201575,0.032,54,7,6,10,0.6,3,3,1.0,3,7,0.429],[101106,"Bogut, Andrew","Golden State Warriors",1610612744,"made",53,"Clark, Ian",203546,0.017,28,1,1,5,0.2,0,4,0.0,1,1,1.0],[101106,"Bogut, Andrew","Golden State Warriors",1610612744,"made",53,"Barbosa, Leandro",2571,0.014,23,2,2,4,0.5,2,4,0.5,0,0,0.0],[101106,"Bogut, Andrew","Golden State Warriors",1610612744,"made",53,"Thompson, Jason",201574,0.001,2,0,0,1,0.0,0,1,0.0,0,0,0.0],[101106,"Bogut, Andrew","Golden State Warriors",1610612744,"made",53,"Speights, Marreese",201578,0.001,1,0,0,0,0.0,0,0,0.0,0,0,0.0]]},{"name":"PassesReceived","headers":["PLAYER_ID","PLAYER_NAME_LAST_FIRST","TEAM_NAME","TEAM_ID","PASS_TYPE","G","PASS_FROM","PASS_TEAMMATE_PLAYER_ID","FREQUENCY","PASS","AST","FGM","FGA","FG_PCT","FG2M","FG2A","FG2_PCT","FG3M","FG3A","FG3_PCT"],"rowSet":[[101106,"Bogut, Andrew","Golden State Warriors",1610612744,"received",53,"Curry, Stephen",201939,0.386,410,41,42,72,0.583,42,72,0.583,0,0,0.0],[101106,"Bogut, Andrew","Golden State Warriors",1610612744,"received",53,"Thompson, Klay",202691,0.173,184,16,17,22,0.773,17,22,0.773,0,0,0.0],[101106,"Bogut, Andrew","Golden State Warriors",1610612744,"received",53,"Green, Draymond",203110,0.154,164,33,34,45,0.756,34,45,0.756,0,0,0.0],[101106,"Bogut, Andrew","Golden State Warriors",1610612744,"received",53,"Iguodala, Andre",2738,0.085,90,6,8,12,0.667,8,12,0.667,0,0,0.0],[101106,"Bogut, Andrew","Golden State Warriors",1610612744,"received",53,"Livingston, Shaun",2733,0.081,86,7,7,8,0.875,7,8,0.875,0,0,0.0],[101106,"Bogut, Andrew","Golden State Warriors",1610612744,"received",53,"Barnes, Harrison",203084,0.059,63,0,0,4,0.0,0,4,0.0,0,0,0.0],[101106,"Bogut, Andrew","Golden State Warriors",1610612744,"received",53,"Rush, Brandon",201575,0.033,35,0,0,1,0.0,0,1,0.0,0,0,0.0],[101106,"Bogut, Andrew","Golden State Warriors",1610612744,"received",53,"Barbosa, Leandro",2571,0.014,15,0,0,1,0.0,0,1,0.0,0,0,0.0],[101106,"Bogut, Andrew","Golden State Warriors",1610612744,"received",53,"Clark, Ian",203546,0.013,14,2,2,3,0.667,2,3,0.667,0,0,0.0],[101106,"Bogut, Andrew","Golden State Warriors",1610612744,"received",53,"Thompson, Jason",201574,0.001,1,0,0,0,0.0,0,0,0.0,0,0,0.0],[101106,"Bogut, Andrew","Golden State Warriors",1610612744,"received",53,"McAdoo, James Michael",203949,0.001,1,1,1,1,1.0,1,1,1.0,0,0,0.0]]}]}