{"resource":"playerdashptpass","parameters":{"PerMode":"Totals","LeagueID":"00","Season":"2015-16","SeasonType":"Regular Season","PlayerID":1626172,"TeamID":0,"Outcome":null,"Location":null,"Month":0,"SeasonSegment":null,"DateFrom":null,"DateTo":null,"OpponentTeamID":0,"VsConference":null,"VsDivision":null,"LastNGames":0},"resultSets":[{"name":"PassesMade","headers":["PLAYER_ID","PLAYER_NAME_LAST_FIRST","TEAM_NAME","TEAM_ID","PASS_TYPE","G","PASS_TO","PASS_TEAMMATE_PLAYER_ID","FREQUENCY","PASS","AST","FGM","FGA","FG_PCT","FG2M","FG2A","FG2_PCT","FG3M","FG3A","FG3_PCT"],"rowSet":[[1626172,"Looney, Kevon","Golden State Warriors",1610612744,"made",5,"Clark, Ian",203546,0.306,11,0,1,3,0.333,1,3,0.333,0,0,0.0],[1626172,"Looney, Kevon","Golden State Warriors",1610612744,"made",5,"Barbosa, Leandro",2571,0.194,7,0,0,0,0.0,0,0,0.0,0,0,0.0],[1626172,"Looney, Kevon","Golden State Warriors",1610612744,"made",5,"Rush, Brandon",201575,0.194,7,0,0,2,0.0,0,0,0.0,0,2,0.0],[1626172,"Looney, Kevon","Golden State Warriors",1610612744,"made",5,"Livingston, Shaun",2733,0.111,4,0,0,0,0.0,0,0,0.0,0,0,0.0],[1626172,"Looney, Kevon","Golden State Warriors",1610612744,"made",5,"Thompson, Klay",202691,0.083,3,0,0,0,0.0,0,0,0.0,0,0,0.0],[1626172,"Looney, Kevon","Golden State Warriors",1610612744,"made",5,"Curry, Stephen",201939,0.056,2,0,0,0,0.0,0,0,0.0,0,0,0.0],[1626172,"Looney, Kevon","Golden State Warriors",1610612744,"made",5,"Varejao, Anderson",2760,0.028,1,0,0,0,0.0,0,0,0.0,0,0,0.0],[1626172,"Looney, Kevon","Golden State Warriors",1610612744,"made",5,"Barnes, Harrison",203084,0.028,1,0,0,0,0.0,0,0,0.0,0,0,0.0]]},{"name":"PassesReceived","headers":["PLAYER_ID","PLAYER_NAME_LAST_FIRST","TEAM_NAME","TEAM_ID","PASS_TYPE","G","PASS_FROM","PASS_TEAMMATE_PLAYER_ID","FREQUENCY","PASS","AST","FGM","FGA","FG_PCT","FG2M","FG2A","FG2_PCT","FG3M","FG3A","FG3_PCT"],"rowSet":[[1626172,"Looney, Kevon","Golden State Warriors",1610612744,"received",5,"Barbosa, Leandro",2571,0.292,7,0,0,0,0.0,0,0,0.0,0,0,0.0],[1626172,"Looney, Kevon","Golden State Warriors",1610612744,"received",5,"Clark, Ian",203546,0.167,4,1,1,2,0.5,0,0,0.0,1,2,0.5],[1626172,"Looney, Kevon","Golden State Warriors",1610612744,"received",5,"Curry, Stephen",201939,0.125,3,0,0,0,0.0,0,0,0.0,0,0,0.0],[1626172,"Looney, Kevon","Golden State Warriors",1610612744,"received",5,"Rush, Brandon",201575,0.125,3,0,0,1,0.0,0,1,0.0,0,0,0.0],[1626172,"Looney, Kevon","Golden State Warriors",1610612744,"received",5,"Thompson, Jason",201574,0.083,2,0,1,1,1.0,1,1,1.0,0,0,0.0],[1626172,"Looney, Kevon","Golden State Warriors",1610612744,"received",5,"Speights, Marreese",201578,0.042,1,1,1,1,1.0,1,1,1.0,0,0,0.0],[1626172,"Looney, Kevon","Golden State Warriors",1610612744,"received",5,"Varejao, Anderson",2760,0.042,1,0,0,0,0.0,0,0,0.0,0,0,0.0],[1626172,"Looney, Kevon","Golden State Warriors",1610612744,"received",5,"Barnes, Harrison",203084,0.042,1,0,0,0,0.0,0,0,0.0,0,0,0.0],[1626172,"Looney, Kevon","Golden State Warriors",1610612744,"received",5,"Thompson, Klay",202691,0.042,1,0,0,1,0.0,0,1,0.0,0,0,0.0],[1626172,"Looney, Kevon","Golden State Warriors",1610612744,"received",5,"Livingston, Shaun",2733,0.042,1,0,0,0,0.0,0,0,0.0,0,0,0.0]]}]}