{"resource":"playerdashptpass","parameters":{"PerMode":"Totals","LeagueID":"00","Season":"2015-16","SeasonType":"Regular Season","PlayerID":201578,"TeamID":0,"Outcome":null,"Location":null,"Month":0,"SeasonSegment":null,"DateFrom":null,"DateTo":null,"OpponentTeamID":0,"VsConference":null,"VsDivision":null,"LastNGames":0},"resultSets":[{"name":"PassesMade","headers":["PLAYER_ID","PLAYER_NAME_LAST_FIRST","TEAM_NAME","TEAM_ID","PASS_TYPE","G","PASS_TO","PASS_TEAMMATE_PLAYER_ID","FREQUENCY","PASS","AST","FGM","FGA","FG_PCT","FG2M","FG2A","FG2_PCT","FG3M","FG3A","FG3_PCT"],"rowSet":[[201578,"Speights, Marreese","Golden State Warriors",1610612744,"made",51,"Livingston, Shaun",2733,0.269,217,5,14,28,0.5,14,27,0.519,0,1,0.0],[201578,"Speights, Marreese","Golden State Warriors",1610612744,"made",51,"Iguodala, Andre",2738,0.18,145,7,10,22,0.455,6,11,0.545,4,11,0.364],[201578,"Speights, Marreese","Golden State Warriors",1610612744,"made",51,"Barbosa, Leandro",2571,0.117,94,3,6,19,0.316,6,15,0.4,0,4,0.0],[201578,"Speights, Marreese","Golden State Warriors",1610612744,"made",51,"Clark, Ian",203546,0.094,76,2,4,12,0.333,4,9,0.444,0,3,0.0],[201578,"Speights, Marreese","Golden State Warriors",1610612744,"made",51,"Curry, Stephen",201939,0.084,68,4,6,13,0.462,3,8,0.375,3,5,0.6],[201578,"Speights, Marreese","Golden State Warriors",1610612744,"made",51,"Green, Draymond",203110,0.061,49,4,5,9,0.556,4,6,0.667,1,3,0.333],[201578,"Speights, Marreese","Golden State Warriors",1610612744,"made",51,"Thompson, Klay",202691,0.057,46,4,5,11,0.455,4,7,0.571,1,4,0.25],[201578,"Speights, Marreese","Golden State Warriors",1610612744,"made",51,"Rush, Brandon",201575,0.053,43,4,4,11,0.364,1,4,0.25,3,7,0.429],[201578,"Speights, Marreese","Golden State Warriors",1610612744,"made",51,"Barnes, Harrison",203084,0.05,40,2,3,8,0.375,3,7,0.429,0,1,0.0],[201578,"Speights, Marreese","Golden State Warriors",1610612744,"made",51,"Thompson, Jason",201574,0.014,11,0,0,2,0.0,0,2,0.0,0,0,0.0],[201578,"Speights, Marreese","Golden State Warriors",1610612744,"made",51,"Ezeli, Festus",203105,0.01,8,1,1,1,1.0,1,1,1.0,0,0,0.0],[201578,"Speights, Marreese","Golden State Warriors",1610612744,"made",51,"McAdoo, James Michael",203949,0.009,7,2,2,2,1.0,2,2,1.0,0,0,0.0],[201578,"Speights, Marreese","Golden State Warriors",1610612744,"made",51,"Looney, Kevon",1626172,0.001,1,1,1,1,1.0,1,1,1.0,0,0,0.0],[201578,"Speights, Marreese","Golden State Warriors",1610612744,"made",51,"Varejao, Anderson",2760,0.001,1,0,0,0,0.0,0,0,0.0,0,0,0.0]]},{"name":"PassesReceived","headers":["PLAYER_ID","PLAYER_NAME_LAST_FIRST","TEAM_NAME","TEAM_ID","PASS_TYPE","G","PASS_FROM","PASS_TEAMMATE_PLAYER_ID","FREQUENCY","PASS","AST","FGM","FGA","FG_PCT","FG2M","FG2A","FG2_PCT","FG3M","FG3A","FG3_PCT"],"rowSet":[[201578,"Speights, Marreese","Golden State Warriors",1610612744,"received",51,"Livingston, Shaun",2733,0.245,206,27,33,72,0.458,29,65,0.446,4,7,0.571],[201578,"Speights, Marreese","Golden State Warriors",1610612744,"received",51,"Iguodala, Andre",2738,0.177,149,14,16,47,0.34,16,43,0.372,0,4,0.0],[201578,"Speights, Marreese","Golden State Warriors",1610612744,"received",51,"Barbosa, Leandro",2571,0.121,102,10,10,24,0.417,8,20,0.4,2,4,0.5],[201578,"Speights, Marreese","Golden State Warriors",1610612744,"received",51,"Clark, Ian",203546,0.107,90,7,7,17,0.412,5,11,0.455,2,6,0.333],[201578,"Speights, Marreese","Golden State Warriors",1610612744,"received",51,"Curry, Stephen",201939,0.083,70,13,13,31,0.419,12,29,0.414,1,2,0.5],[201578,"Speights, Marreese","Golden State Warriors",1610612744,"received",51,"Green, Draymond",203110,0.061,51,11,11,24,0.458,11,23,0.478,0,1,0.0],[201578,"Speights, Marreese","Golden State Warriors",1610612744,"received",51,"Barnes, Harrison",203084,0.059,50,7,8,22,0.364,8,21,0.381,0,1,0.0],[201578,"Speights, Marreese","Golden State Warriors",1610612744,"received",51,"Thompson, Klay",202691,0.058,49,8,9,20,0.45,8,18,0.444,1,2,0.5],[201578,"Speights, Marreese","Golden State Warriors",1610612744,"received",51,"Rush, Brandon",201575,0.05,42,7,7,10,0.7,5,8,0.625,2,2,1.0],[201578,"Speights, Marreese","Golden State Warriors",1610612744,"received",51,"Thompson, Jason",201574,0.019,16,0,0,3,0.0,0,3,0.0,0,0,0.0],[201578,"Speights, Marreese","Golden State Warriors",1610612744,"received",51,"McAdoo, James Michael",203949,0.011,9,0,0,2,0.0,0,2,0.0,0,0,0.0],[201578,"Speights, Marreese","Golden State Warriors",1610612744,"received",51,"Ezeli, Festus",203105,0.007,6,0,0,1,0.0,0,1,0.0,0,0,0.0],[201578,"Speights, Marreese","Golden State Warriors",1610612744,"received",51,"Varejao, Anderson",2760,0.001,1,0,0,0,0.0,0,0,0.0,0,0,0.0],[201578,"Speights, Marreese","Golden State Warriors",1610612744,"received",51,"Bogut, Andrew",101106,0.001,1,0,0,0,0.0,0,0,0.0,0,0,0.0]]}]}