{"resource":"playerdashptpass","parameters":{"PerMode":"Totals","LeagueID":"00","Season":"2015-16","SeasonType":"Regular Season","PlayerID":201575,"TeamID":0,"Outcome":null,"Location":null,"Month":0,"SeasonSegment":null,"DateFrom":null,"DateTo":null,"OpponentTeamID":0,"VsConference":null,"VsDivision":null,"LastNGames":0},"resultSets":[{"name":"PassesMade","headers":["PLAYER_ID","PLAYER_NAME_LAST_FIRST","TEAM_NAME","TEAM_ID","PASS_TYPE","G","PASS_TO","PASS_TEAMMATE_PLAYER_ID","FREQUENCY","PASS","AST","FGM","FGA","FG_PCT","FG2M","FG2A","FG2_PCT","FG3M","FG3A","FG3_PCT"],"rowSet":[[201575,"Rush, Brandon","Golden State Warriors",1610612744,"made",50,"Green, Draymond",203110,0.196,158,8,9,19,0.474,6,12,0.5,3,7,0.429],[201575,"Rush, Brandon","Golden State Warriors",1610612744,"made",50,"Curry, Stephen",201939,0.19,153,6,20,40,0.5,11,23,0.478,9,17,0.529],[201575,"Rush, Brandon","Golden State Warriors",1610612744,"made",50,"Clark, Ian",203546,0.105,85,4,7,14,0.5,5,8,0.625,2,6,0.333],[201575,"Rush, Brandon","Golden State Warriors",1610612744,"made",50,"Thompson, Klay",202691,0.104,84,12,16,28,0.571,11,14,0.786,5,14,0.357],[201575,"Rush, Brandon","Golden State Warriors",1610612744,"made",50,"Livingston, Shaun",2733,0.095,77,0,3,9,0.333,3,8,0.375,0,1,0.0],[201575,"Rush, Brandon","Golden State Warriors",1610612744,"made",50,"Speights, Marreese",201578,0.052,42,7,7,10,0.7,5,8,0.625,2,2,1.0],[201575,"Rush, Brandon","Golden State Warriors",1610612744,"made",50,"Iguodala, Andre",2738,0.05,40,2,3,12,0.25,1,8,0.125,2,4,0.5],[201575,"Rush, Brandon","Golden State Warriors",1610612744,"made",50,"Barbosa, Leandro",2571,0.048,39,4,5,9,0.556,4,6,0.667,1,3,0.333],[201575,"Rush, Brandon","Golden State Warriors",1610612744,"made",50,"Thompson, Jason",201574,0.043,35,0,1,2,0.5,1,2,0.5,0,0,0.0],[201575,"Rush, Brandon","Golden State Warriors",1610612744,"made",50,"Bogut, Andrew",101106,0.043,35,0,0,1,0.0,0,1,0.0,0,0,0.0],[201575,"Rush, Brandon","Golden State Warriors",1610612744,"made",50,"Barnes, Harrison",203084,0.035,28,3,4,5,0.8,3,3,1.0,1,2,0.5],[201575,"Rush, Brandon","Golden State Warriors",1610612744,"made",50,"Ezeli, Festus",203105,0.019,15,0,1,1,1.0,1,1,1.0,0,0,0.0],[201575,"Rush, Brandon","Golden State Warriors",1610612744,"made",50,"McAdoo, James Michael",203949,0.01,8,0,0,0,0.0,0,0,0.0,0,0,0.0],[201575,"Rush, Brandon","Golden State Warriors",1610612744,"made",50,"Varejao, Anderson",2760,0.006,5,0,0,0,0.0,0,0,0.0,0,0,0.0],[201575,"Rush, Brandon","Golden State Warriors",1610612744,"made",50,"Looney, Kevon",1626172,0.004,3,0,0,1,0.0,0,1,0.0,0,0,0.0]]},{"name":"PassesReceived","headers":["PLAYER_ID","PLAYER_NAME_LAST_FIRST","TEAM_NAME","TEAM_ID","PASS_TYPE","G","PASS_FROM","PASS_TEAMMATE_PLAYER_ID","FREQUENCY","PASS","AST","FGM","FGA","FG_PCT","FG2M","FG2A","FG2_PCT","FG3M","FG3A","FG3_PCT"],"rowSet":[[201575,"Rush, Brandon","Golden State Warriors",1610612744,"received",50,"Green, Draymond",203110,0.212,154,24,25,52,0.481,10,23,0.435,15,29,0.517],[201575,"Rush, Brandon","Golden State Warriors",1610612744,"received",50,"Curry, Stephen",201939,0.172,125,15,16,33,0.485,8,11,0.727,8,22,0.364],[201575,"Rush, Brandon","Golden State Warriors",1610612744,"received",50,"Clark, Ian",203546,0.094,68,5,4,17,0.235,0,6,0.0,4,11,0.364],[201575,"Rush, Brandon","Golden State Warriors",1610612744,"received",50,"Bogut, Andrew",101106,0.074,54,7,6,10,0.6,3,3,1.0,3,7,0.429],[201575,"Rush, Brandon","Golden State Warriors",1610612744,"received",50,"Livingston, Shaun",2733,0.069,50,4,4,11,0.364,1,4,0.25,3,7,0.429],[201575,"Rush, Brandon","Golden State Warriors",1610612744,"received",50,"Speights, Marreese",201578,0.059,43,4,4,11,0.364,1,4,0.25,3,7,0.429],[201575,"Rush, Brandon","Golden State Warriors",1610612744,"received",50,"Thompson, Jason",201574,0.056,41,4,4,11,0.364,3,8,0.375,1,3,0.333],[201575,"Rush, Brandon","Golden State Warriors",1610612744,"received",50,"Thompson, Klay",202691,0.056,41,10,10,12,0.833,3,5,0.6,7,7,1.0],[201575,"Rush, Brandon","Golden State Warriors",1610612744,"received",50,"Iguodala, Andre",2738,0.055,40,5,5,13,0.385,2,2,1.0,3,11,0.273],[201575,"Rush, Brandon","Golden State Warriors",1610612744,"received",50,"Barbosa, Leandro",2571,0.048,35,3,3,11,0.273,2,6,0.333,1,5,0.2],[201575,"Rush, Brandon","Golden State Warriors",1610612744,"received",50,"Barnes, Harrison",203084,0.039,28,1,1,3,0.333,1,2,0.5,0,1,0.0],[201575,"Rush, Brandon","Golden State Warriors",1610612744,"received",50,"Ezeli, Festus",203105,0.029,21,3,3,6,0.5,1,2,0.5,2,4,0.5],[201575,"Rush, Brandon","Golden State Warriors",1610612744,"received",50,"McAdoo, James Michael",203949,0.023,17,0,0,0,0.0,0,0,0.0,0,0,0.0],[201575,"Rush, Brandon","Golden State Warriors",1610612744,"received",50,"Looney, Kevon",1626172,0.01,7,0,0,2,0.0,0,0,0.0,0,2,0.0],[201575,"Rush, Brandon","Golden State Warriors",1610612744,"received",50,"Varejao, Anderson",2760,0.003,2,0,0,0,0.0,0,0,0.0,0,0,0.0]]}]}