{"resource":"playerdashptpass","parameters":{"PerMode":"Totals","LeagueID":"00","Season":"2015-16","SeasonType":"Regular Season","PlayerID":201939,"TeamID":0,"Outcome":null,"Location":null,"Month":0,"SeasonSegment":null,"DateFrom":null,"DateTo":null,"OpponentTeamID":0,"VsConference":null,"VsDivision":null,"LastNGames":0},"resultSets":[{"name":"PassesMade","headers":["PLAYER_ID","PLAYER_NAME_LAST_FIRST","TEAM_NAME","TEAM_ID","PASS_TYPE","G","PASS_TO","PASS_TEAMMATE_PLAYER_ID","FREQUENCY","PASS","AST","FGM","FGA","FG_PCT","FG2M","FG2A","FG2_PCT","FG3M","FG3A","FG3_PCT"],"rowSet":[[201939,"Curry, Stephen","Golden State Warriors",1610612744,"made",58,"Green, Draymond",203110,0.343,1140,84,94,209,0.45,68,141,0.482,26,68,0.382],[201939,"Curry, Stephen","Golden State Warriors",1610612744,"made",58,"Thompson, Klay",202691,0.191,634,123,137,298,0.46,70,146,0.479,67,152,0.441],[201939,"Curry, Stephen","Golden State Warriors",1610612744,"made",58,"Bogut, Andrew",101106,0.123,410,41,42,72,0.583,42,72,0.583,0,0,0.0],[201939,"Curry, Stephen","Golden State Warriors",1610612744,"made",58,"Iguodala, Andre",2738,0.092,304,24,28,54,0.519,21,36,0.583,7,18,0.389],[201939,"Curry, Stephen","Golden State Warriors",1610612744,"made",58,"Barnes, Harrison",203084,0.081,270,35,38,77,0.494,26,48,0.542,12,29,0.414],[201939,"Curry, Stephen","Golden State Warriors",1610612744,"made",58,"Rush, Brandon",201575,0.038,125,15,16,33,0.485,8,11,0.727,8,22,0.364],[201939,"Curry, Stephen","Golden State Warriors",1610612744,"made",58,"Ezeli, Festus",203105,0.037,124,18,18,38,0.474,18,38,0.474,0,0,0.0],[201939,"Curry, Stephen","Golden State Warriors",1610612744,"made",58,"Livingston, Shaun",2733,0.032,105,9,15,20,0.75,15,20,0.75,0,0,0.0],[201939,"Curry, Stephen","Golden State Warriors",1610612744,"made",58,"Barbosa, Leandro",2571,0.022,74,6,7,22,0.318,6,13,0.462,1,9,0.111],[201939,"Curry, Stephen","Golden State Warriors",1610612744,"made",58,"Speights, Marreese",201578,0.021,70,13,13,31,0.419,12,29,0.414,1,2,0.5],[201939,"Curry, Stephen","Golden State Warriors",1610612744,"made",58,"Clark, Ian",203546,0.007,22,2,2,6,0.333,1,2,0.5,1,4,0.25],[201939,"Curry, Stephen","Golden State Warriors",1610612744,"made",58,"Thompson, Jason",201574,0.006,20,4,4,6,0.667,4,6,0.667,0,0,0.0],[201939,"Curry, Stephen","Golden State Warriors",1610612744,"made",58,"Varejao, Anderson",2760,0.004,13,2,2,4,0.5,2,4,0.5,0,0,0.0],[201939,"Curry, Stephen","Golden State Warriors",1610612744,"made",58,"McAdoo, James Michael",203949,0.002,6,2,2,2,1.0,2,2,1.0,0,0,0.0],[201939,"Curry, Stephen","Golden State Warriors",1610612744,"made",58,"Looney, Kevon",1626172,0.001,3,0,0,0,0.0,0,0,0.0,0,0,0.0]]},{"name":"PassesReceived","headers":["PLAYER_ID","PLAYER_NAME_LAST_FIRST","TEAM_NAME","TEAM_ID","PASS_TYPE","G","PASS_FROM","PASS_TEAMMATE_PLAYER_ID","FREQUENCY","PASS","AST","FGM","FGA","FG_PCT","FG2M","FG2A","FG2_PCT","FG3M","FG3A","FG3_PCT"],"rowSet":[[201939,"Curry, Stephen","Golden State Warriors",1610612744,"received",58,"Green, Draymond",203110,0.41,1647,116,216,418,0.517,107,187,0.572,109,231,0.472],[201939,"Curry, Stephen","Golden State Warriors",1610612744,"received",58,"Bogut, Andrew",101106,0.171,689,47,87,151,0.576,53,85,0.624,34,66,0.515],[201939,"Curry, Stephen","Golden State Warriors",1610612744,"received",58,"Iguodala, Andre",2738,0.091,367,42,66,117,0.564,25,42,0.595,41,75,0.547],[201939,"Curry, Stephen","Golden State Warriors",1610612744,"received",58,"Barnes, Harrison",203084,0.08,323,21,42,91,0.462,14,26,0.538,28,65,0.431],[201939,"Curry, Stephen","Golden State Warriors",1610612744,"received",58,"Thompson, Klay",202691,0.065,260,17,37,71,0.521,17,24,0.708,20,47,0.426],[201939,"Curry, Stephen","Golden State Warriors",1610612744,"received",58,"Ezeli, Festus",203105,0.054,219,8,24,55,0.436,9,19,0.474,15,36,0.417],[201939,"Curry, Stephen","Golden State Warriors",1610612744,"received",58,"Rush, Brandon",201575,0.038,153,6,20,40,0.5,11,23,0.478,9,17,0.529],[201939,"Curry, Stephen","Golden State Warriors",1610612744,"received",58,"Livingston, Shaun",2733,0.036,144,10,19,40,0.475,11,18,0.611,8,22,0.364],[201939,"Curry, Stephen","Golden State Warriors",1610612744,"received",58,"Speights, Marreese",201578,0.017,68,4,6,13,0.462,3,8,0.375,3,5,0.6],[201939,"Curry, Stephen","Golden State Warriors",1610612744,"received",58,"Barbosa, Leandro",2571,0.015,60,5,9,19,0.474,4,6,0.667,5,13,0.385],[201939,"Curry, Stephen","Golden State Warriors",1610612744,"received",58,"Thompson, Jason",201574,0.007,28,0,1,4,0.25,0,0,0.0,1,4,0.25],[201939,"Curry, Stephen","Golden State Warriors",1610612744,"received",58,"Varejao, Anderson",2760,0.007,27,2,5,10,0.5,2,4,0.5,3,6,0.5],[201939,"Curry, Stephen","Golden State Warriors",1610612744,"received",58,"Clark, Ian",203546,0.005,21,2,3,5,0.6,0,1,0.0,3,4,0.75],[201939,"Curry, Stephen","Golden State Warriors",1610612744,"received",58,"McAdoo, James Michael",203949,0.003,13,0,1,1,1.0,1,1,1.0,0,0,0.0],[201939,"Curry, Stephen","Golden State Warriors",1610612744,"received",58,"Looney, Kevon",1626172,0.0,2,0,0,0,0.0,0,0,0.0,0,0,0.0]]}]}