{"resource":"playerdashptpass","parameters":{"PerMode":"Totals","LeagueID":"00","Season":"2015-16","SeasonType":"Regular Season","PlayerID":202691,"TeamID":0,"Outcome":null,"Location":null,"Month":0,"SeasonSegment":null,"DateFrom":null,"DateTo":null,"OpponentTeamID":0,"VsConference":null,"VsDivision":null,"LastNGames":0},"resultSets":[{"name":"PassesMade","headers":["PLAYER_ID","PLAYER_NAME_LAST_FIRST","TEAM_NAME","TEAM_ID","PASS_TYPE","G","PASS_TO","PASS_TEAMMATE_PLAYER_ID","FREQUENCY","PASS","AST","FGM","FGA","FG_PCT","FG2M","FG2A","FG2_PCT","FG3M","FG3A","FG3_PCT"],"rowSet":[[202691,"Thompson, Klay","Golden State Warriors",1610612744,"made",59,"Green, Draymond",203110,0.315,465,26,32,78,0.41,23,50,0.46,9,28,0.321],[202691,"Thompson, Klay","Golden State Warriors",1610612744,"made",59,"Curry, Stephen",201939,0.176,260,17,37,71,0.521,17,24,0.708,20,47,0.426],[202691,"Thompson, Klay","Golden State Warriors",1610612744,"made",59,"Bogut, Andrew",101106,0.125,184,16,17,22,0.773,17,22,0.773,0,0,0.0],[202691,"Thompson, Klay","Golden State Warriors",1610612744,"made",59,"Livingston, Shaun",2733,0.078,115,6,9,14,0.643,9,14,0.643,0,0,0.0],[202691,"Thompson, Klay","Golden State Warriors",1610612744,"made",59,"Iguodala, Andre",2738,0.075,111,5,7,15,0.467,6,10,0.6,1,5,0.2],[202691,"Thompson, Klay","Golden State Warriors",1610612744,"made",59,"Barnes, Harrison",203084,0.066,98,19,25,47,0.532,18,29,0.621,7,18,0.389],[202691,"Thompson, Klay","Golden State Warriors",1610612744,"made",59,"Ezeli, Festus",203105,0.038,56,15,15,24,0.625,15,24,0.625,0,0,0.0],[202691,"Thompson, Klay","Golden State Warriors",1610612744,"made",59,"Speights, Marreese",201578,0.033,49,8,9,20,0.45,8,18,0.444,1,2,0.5],[202691,"Thompson, Klay","Golden State Warriors",1610612744,"made",59,"Rush, Brandon",201575,0.028,41,10,10,12,0.833,3,5,0.6,7,7,1.0],[202691,"Thompson, Klay","Golden State Warriors",1610612744,"made",59,"Clark, Ian",203546,0.023,34,1,1,6,0.167,1,2,0.5,0,4,0.0],[202691,"Thompson, Klay","Golden State Warriors",1610612744,"made",59,"Barbosa, Leandro",2571,0.018,27,3,4,9,0.444,2,4,0.5,2,5,0.4],[202691,"Thompson, Klay","Golden State Warriors",1610612744,"made",59,"McAdoo, James Michael",203949,0.012,17,0,0,5,0.0,0,5,0.0,0,0,0.0],[202691,"Thompson, Klay","Golden State Warriors",1610612744,"made",59,"Thompson, Jason",201574,0.011,16,2,3,4,0.75,3,4,0.75,0,0,0.0],[202691,"Thompson, Klay","Golden State Warriors",1610612744,"made",59,"Looney, Kevon",1626172,0.001,1,0,0,1,0.0,0,1,0.0,0,0,0.0],[202691,"Thompson, Klay","Golden State Warriors",1610612744,"made",59,"Varejao, Anderson",2760,0.001,2,1,1,1,1.0,1,1,1.0,0,0,0.0]]},{"name":"PassesReceived","headers":["PLAYER_ID","PLAYER_NAME_LAST_FIRST","TEAM_NAME","TEAM_ID","PASS_TYPE","G","PASS_FROM","PASS_TEAMMATE_PLAYER_ID","FREQUENCY","PASS","AST","FGM","FGA","FG_PCT","FG2M","FG2A","FG2_PCT","FG3M","FG3A","FG3_PCT"],"rowSet":[[202691,"Thompson, Klay","Golden State Warriors",1610612744,"received",59,"Green, Draymond",203110,0.286,656,123,139,307,0.453,91,173,0.526,48,134,0.358],[202691,"Thompson, Klay","Golden State Warriors",1610612744,"received",59,"Curry, Stephen",201939,0.276,634,123,137,298,0.46,70,146,0.479,67,152,0.441],[202691,"Thompson, Klay","Golden State Warriors",1610612744,"received",59,"Bogut, Andrew",101106,0.106,244,34,47,100,0.47,32,59,0.542,15,41,0.366],[202691,"Thompson, Klay","Golden State Warriors",1610612744,"received",59,"Iguodala, Andre",2738,0.071,163,28,36,68,0.529,20,37,0.541,16,31,0.516],[202691,"Thompson, Klay","Golden State Warriors",1610612744,"received",59,"Livingston, Shaun",2733,0.071,163,24,28,63,0.444,19,38,0.5,9,25,0.36],[202691,"Thompson, Klay","Golden State Warriors",1610612744,"received",59,"Barnes, Harrison",203084,0.057,131,20,25,46,0.543,13,26,0.5,12,20,0.6],[202691,"Thompson, Klay","Golden State Warriors",1610612744,"received",59,"Rush, Brandon",201575,0.037,84,12,16,28,0.571,11,14,0.786,5,14,0.357],[202691,"Thompson, Klay","Golden State Warriors",1610612744,"received",59,"Clark, Ian",203546,0.023,53,8,11,18,0.611,5,8,0.625,6,10,0.6],[202691,"Thompson, Klay","Golden State Warriors",1610612744,"received",59,"Ezeli, Festus",203105,0.021,49,5,6,12,0.5,5,8,0.625,1,4,0.25],[202691,"Thompson, Klay","Golden State Warriors",1610612744,"received",59,"Speights, Marreese",201578,0.02,46,4,5,11,0.455,4,7,0.571,1,4,0.25],[202691,"Thompson, Klay","Golden State Warriors",1610612744,"received",59,"Barbosa, Leandro",2571,0.013,30,1,1,6,0.167,0,2,0.0,1,4,0.25],[202691,"Thompson, Klay","Golden State Warriors",1610612744,"received",59,"Thompson, Jason",201574,0.009,20,3,3,6,0.5,2,3,0.667,1,3,0.333],[202691,"Thompson, Klay","Golden State Warriors",1610612744,"received",59,"McAdoo, James Michael",203949,0.007,17,0,0,4,0.0,0,2,0.0,0,2,0.0],[202691,"Thompson, Klay","Golden State Warriors",1610612744,"received",59,"Looney, Kevon",1626172,0.001,3,0,0,0,0.0,0,0,0.0,0,0,0.0],[202691,"Thompson, Klay","Golden State Warriors",1610612744,"received",59,"Varejao, Anderson",2760,0.001,3,0,0,0,0.0,0,0,0.0,0,0,0.0]]}]}