{"resource":"playerdashptpass","parameters":{"PerMode":"Totals","LeagueID":"00","Season":"2015-16","SeasonType":"Regular Season","PlayerID":203084,"TeamID":0,"Outcome":null,"Location":null,"Month":0,"SeasonSegment":null,"DateFrom":null,"DateTo":null,"OpponentTeamID":0,"VsConference":null,"VsDivision":null,"LastNGames":0},"resultSets":[{"name":"PassesMade","headers":["PLAYER_ID","PLAYER_NAME_LAST_FIRST","TEAM_NAME","TEAM_ID","PASS_TYPE","G","PASS_TO","PASS_TEAMMATE_PLAYER_ID","FREQUENCY","PASS","AST","FGM","FGA","FG_PCT","FG2M","FG2A","FG2_PCT","FG3M","FG3A","FG3_PCT"],"rowSet":[[203084,"Barnes, Harrison","Golden State Warriors",1610612744,"made",45,"Curry, Stephen",201939,0.248,323,21,42,91,0.462,14,26,0.538,28,65,0.431],[203084,"Barnes, Harrison","Golden State Warriors",1610612744,"made",45,"Livingston, Shaun",2733,0.168,218,6,13,21,0.619,13,21,0.619,0,0,0.0],[203084,"Barnes, Harrison","Golden State Warriors",1610612744,"made",45,"Green, Draymond",203110,0.129,168,7,8,21,0.381,3,7,0.429,5,14,0.357],[203084,"Barnes, Harrison","Golden State Warriors",1610612744,"made",45,"Iguodala, Andre",2738,0.112,146,6,7,13,0.538,3,3,1.0,4,10,0.4],[203084,"Barnes, Harrison","Golden State Warriors",1610612744,"made",45,"Thompson, Klay",202691,0.101,131,20,25,46,0.543,13,26,0.5,12,20,0.6],[203084,"Barnes, Harrison","Golden State Warriors",1610612744,"made",45,"Barbosa, Leandro",2571,0.06,78,7,12,18,0.667,10,15,0.667,2,3,0.667],[203084,"Barnes, Harrison","Golden State Warriors",1610612744,"made",45,"Clark, Ian",203546,0.048,63,1,3,6,0.5,3,4,0.75,0,2,0.0],[203084,"Barnes, Harrison","Golden State Warriors",1610612744,"made",45,"Bogut, Andrew",101106,0.048,63,0,0,4,0.0,0,4,0.0,0,0,0.0],[203084,"Barnes, Harrison","Golden State Warriors",1610612744,"made",45,"Speights, Marreese",201578,0.038,50,7,8,22,0.364,8,21,0.381,0,1,0.0],[203084,"Barnes, Harrison","Golden State Warriors",1610612744,"made",45,"Rush, Brandon",201575,0.022,28,1,1,3,0.333,1,2,0.5,0,1,0.0],[203084,"Barnes, Harrison","Golden State Warriors",1610612744,"made",45,"Ezeli, Festus",203105,0.018,23,2,4,5,0.8,4,5,0.8,0,0,0.0],[203084,"Barnes, Harrison","Golden State Warriors",1610612744,"made",45,"Varejao, Anderson",2760,0.005,6,0,0,0,0.0,0,0,0.0,0,0,0.0],[203084,"Barnes, Harrison","Golden State Warriors",1610612744,"made",45,"McAdoo, James Michael",203949,0.002,2,0,0,0,0.0,0,0,0.0,0,0,0.0],[203084,"Barnes, Harrison","Golden State Warriors",1610612744,"made",45,"Thompson, Jason",201574,0.001,1,0,0,0,0.0,0,0,0.0,0,0,0.0],[203084,"Barnes, Harrison","Golden State Warriors",1610612744,"made",45,"Looney, Kevon",1626172,0.001,1,0,0,0,0.0,0,0,0.0,0,0,0.0]]},{"name":"PassesReceived","headers":["PLAYER_ID","PLAYER_NAME_LAST_FIRST","TEAM_NAME","TEAM_ID","PASS_TYPE","G","PASS_FROM","PASS_TEAMMATE_PLAYER_ID","FREQUENCY","PASS","AST","FGM","FGA","FG_PCT","FG2M","FG2A","FG2_PCT","FG3M","FG3A","FG3_PCT"],"rowSet":[[203084,"Barnes, Harrison","Golden State Warriors",1610612744,"received",45,"Curry, Stephen",201939,0.217,270,35,38,77,0.494,26,48,0.542,12,29,0.414],[203084,"Barnes, Harrison","Golden State Warriors",1610612744,"received",45,"Green, Draymond",203110,0.169,211,21,28,77,0.364,19,47,0.404,9,30,0.3],[203084,"Barnes, Harrison","Golden State Warriors",1610612744,"received",45,"Livingston, Shaun",2733,0.161,200,15,28,64,0.438,24,51,0.471,4,13,0.308],[203084,"Barnes, Harrison","Golden State Warriors",1610612744,"received",45,"Iguodala, Andre",2738,0.129,161,21,28,58,0.483,16,34,0.471,12,24,0.5],[203084,"Barnes, Harrison","Golden State Warriors",1610612744,"received",45,"Thompson, Klay",202691,0.079,98,19,25,47,0.532,18,29,0.621,7,18,0.389],[203084,"Barnes, Harrison","Golden State Warriors",1610612744,"received",45,"Bogut, Andrew",101106,0.067,83,5,9,21,0.429,7,15,0.467,2,6,0.333],[203084,"Barnes, Harrison","Golden State Warriors",1610612744,"received",45,"Barbosa, Leandro",2571,0.059,73,8,10,20,0.5,9,16,0.563,1,4,0.25],[203084,"Barnes, Harrison","Golden State Warriors",1610612744,"received",45,"Clark, Ian",203546,0.035,43,6,10,15,0.667,6,10,0.6,4,5,0.8],[203084,"Barnes, Harrison","Golden State Warriors",1610612744,"received",45,"Speights, Marreese",201578,0.032,40,2,3,8,0.375,3,7,0.429,0,1,0.0],[203084,"Barnes, Harrison","Golden State Warriors",1610612744,"received",45,"Rush, Brandon",201575,0.022,28,3,4,5,0.8,3,3,1.0,1,2,0.5],[203084,"Barnes, Harrison","Golden State Warriors",1610612744,"received",45,"Ezeli, Festus",203105,0.019,24,3,4,7,0.571,2,4,0.5,2,3,0.667],[203084,"Barnes, Harrison","Golden State Warriors",1610612744,"received",45,"Varejao, Anderson",2760,0.006,7,2,2,3,0.667,2,2,1.0,0,1,0.0],[203084,"Barnes, Harrison","Golden State Warriors",1610612744,"received",45,"Thompson, Jason",201574,0.004,5,0,1,1,1.0,1,1,1.0,0,0,0.0],[203084,"Barnes, Harrison","Golden State Warriors",1610612744,"received",45,"McAdoo, James Michael",203949,0.002,2,0,0,0,0.0,0,0,0.0,0,0,0.0],[203084,"Barnes, Harrison","Golden State Warriors",1610612744,"received",45,"Looney, Kevon",1626172,0.001,1,0,0,0,0.0,0,0,0.0,0,0,0.0]]}]}