{"resource":"playerdashptpass","parameters":{"PerMode":"Totals","LeagueID":"00","Season":"2015-16","SeasonType":"Regular Season","PlayerID":203110,"TeamID":0,"Outcome":null,"Location":null,"Month":0,"SeasonSegment":null,"DateFrom":null,"DateTo":null,"OpponentTeamID":0,"VsConference":null,"VsDivision":null,"LastNGames":0},"resultSets":[{"name":"PassesMade","headers":["PLAYER_ID","PLAYER_NAME_LAST_FIRST","TEAM_NAME","TEAM_ID","PASS_TYPE","G","PASS_TO","PASS_TEAMMATE_PLAYER_ID","FREQUENCY","PASS","AST","FGM","FGA","FG_PCT","FG2M","FG2A","FG2_PCT","FG3M","FG3A","FG3_PCT"],"rowSet":[[203110,"Green, Draymond","Golden State Warriors",1610612744,"made",60,"Curry, Stephen",201939,0.428,1647,116,216,418,0.517,107,187,0.572,109,231,0.472],[203110,"Green, Draymond","Golden State Warriors",1610612744,"made",60,"Thompson, Klay",202691,0.171,656,123,139,307,0.453,91,173,0.526,48,134,0.358],[203110,"Green, Draymond","Golden State Warriors",1610612744,"made",60,"Iguodala, Andre",2738,0.092,354,32,36,66,0.545,25,35,0.714,11,31,0.355],[203110,"Green, Draymond","Golden State Warriors",1610612744,"made",60,"Livingston, Shaun",2733,0.086,329,26,32,51,0.627,30,48,0.625,2,3,0.667],[203110,"Green, Draymond","Golden State Warriors",1610612744,"made",60,"Barnes, Harrison",203084,0.055,211,21,28,77,0.364,19,47,0.404,9,30,0.3],[203110,"Green, Draymond","Golden State Warriors",1610612744,"made",60,"Bogut, Andrew",101106,0.043,164,33,34,45,0.756,34,45,0.756,0,0,0.0],[203110,"Green, Draymond","Golden State Warriors",1610612744,"made",60,"Rush, Brandon",201575,0.04,154,24,25,52,0.481,10,23,0.435,15,29,0.517],[203110,"Green, Draymond","Golden State Warriors",1610612744,"made",60,"Clark, Ian",203546,0.024,93,12,14,28,0.5,9,16,0.563,5,12,0.417],[203110,"Green, Draymond","Golden State Warriors",1610612744,"made",60,"Barbosa, Leandro",2571,0.022,84,11,12,30,0.4,9,20,0.45,3,10,0.3],[203110,"Green, Draymond","Golden State Warriors",1610612744,"made",60,"Ezeli, Festus",203105,0.021,81,30,30,40,0.75,30,40,0.75,0,0,0.0],[203110,"Green, Draymond","Golden State Warriors",1610612744,"made",60,"Speights, Marreese",201578,0.013,51,11,11,24,0.458,11,23,0.478,0,1,0.0],[203110,"Green, Draymond","Golden State Warriors",1610612744,"made",60,"McAdoo, James Michael",203949,0.002,8,1,1,4,0.25,1,4,0.25,0,0,0.0],[203110,"Green, Draymond","Golden State Warriors",1610612744,"made",60,"Varejao, Anderson",2760,0.002,9,1,1,4,0.25,1,4,0.25,0,0,0.0],[203110,"Green, Draymond","Golden State Warriors",1610612744,"made",60,"Thompson, Jason",201574,0.001,4,0,0,1,0.0,0,1,0.0,0,0,0.0]]},{"name":"PassesReceived","headers":["PLAYER_ID","PLAYER_NAME_LAST_FIRST","TEAM_NAME","TEAM_ID","PASS_TYPE","G","PASS_FROM","PASS_TEAMMATE_PLAYER_ID","FREQUENCY","PASS","AST","FGM","FGA","FG_PCT","FG2M","FG2A","FG2_PCT","FG3M","FG3A","FG3_PCT"],"rowSet":[[203110,"Green, Draymond","Golden State Warriors",1610612744,"received",60,"Curry, Stephen",201939,0.364,1140,84,94,209,0.45,68,141,0.482,26,68,0.382],[203110,"Green, Draymond","Golden State Warriors",1610612744,"received",60,"Thompson, Klay",202691,0.149,465,26,32,78,0.41,23,50,0.46,9,28,0.321],[203110,"Green, Draymond","Golden State Warriors",1610612744,"received",60,"Bogut, Andrew",101106,0.106,332,13,14,44,0.318,6,23,0.261,8,21,0.381],[203110,"Green, Draymond","Golden State Warriors",1610612744,"received",60,"Iguodala, Andre",2738,0.096,300,33,40,62,0.645,31,44,0.705,9,18,0.5],[203110,"Green, Draymond","Golden State Warriors",1610612744,"received",60,"Livingston, Shaun",2733,0.086,270,20,26,42,0.619,21,27,0.778,5,15,0.333],[203110,"Green, Draymond","Golden State Warriors",1610612744,"received",60,"Barnes, Harrison",203084,0.054,168,7,8,21,0.381,3,7,0.429,5,14,0.357],[203110,"Green, Draymond","Golden State Warriors",1610612744,"received",60,"Rush, Brandon",201575,0.051,158,8,9,19,0.474,6,12,0.5,3,7,0.429],[203110,"Green, Draymond","Golden State Warriors",1610612744,"received",60,"Ezeli, Festus",203105,0.028,89,1,2,6,0.333,1,4,0.25,1,2,0.5],[203110,"Green, Draymond","Golden State Warriors",1610612744,"received",60,"Clark, Ian",203546,0.023,72,2,4,5,0.8,2,3,0.667,2,2,1.0],[203110,"Green, Draymond","Golden State Warriors",1610612744,"received",60,"Barbosa, Leandro",2571,0.018,56,8,8,11,0.727,6,7,0.857,2,4,0.5],[203110,"Green, Draymond","Golden State Warriors",1610612744,"received",60,"Speights, Marreese",201578,0.016,49,4,5,9,0.556,4,6,0.667,1,3,0.333],[203110,"Green, Draymond","Golden State Warriors",1610612744,"received",60,"McAdoo, James Michael",203949,0.004,12,0,0,1,0.0,0,0,0.0,0,1,0.0],[203110,"Green, Draymond","Golden State Warriors",1610612744,"received",60,"Varejao, Anderson",2760,0.004,12,0,0,1,0.0,0,1,0.0,0,0,0.0],[203110,"Green, Draymond","Golden State Warriors",1610612744,"received",60,"Thompson, Jason",201574,0.002,5,0,0,0,0.0,0,0,0.0,0,0,0.0]]}]}