{"resource":"playerdashptpass","parameters":{"PerMode":"Totals","LeagueID":"00","Season":"2015-16","SeasonType":"Regular Season","PlayerID":203105,"TeamID":0,"Outcome":null,"Location":null,"Month":0,"SeasonSegment":null,"DateFrom":null,"DateTo":null,"OpponentTeamID":0,"VsConference":null,"VsDivision":null,"LastNGames":0},"resultSets":[{"name":"PassesMade","headers":["PLAYER_ID","PLAYER_NAME_LAST_FIRST","TEAM_NAME","TEAM_ID","PASS_TYPE","G","PASS_TO","PASS_TEAMMATE_PLAYER_ID","FREQUENCY","PASS","AST","FGM","FGA","FG_PCT","FG2M","FG2A","FG2_PCT","FG3M","FG3A","FG3_PCT"],"rowSet":[[203105,"Ezeli, Festus","Golden State Warriors",1610612744,"made",39,"Curry, Stephen",201939,0.286,219,8,24,55,0.436,9,19,0.474,15,36,0.417],[203105,"Ezeli, Festus","Golden State Warriors",1610612744,"made",39,"Livingston, Shaun",2733,0.206,158,0,4,16,0.25,4,15,0.267,0,1,0.0],[203105,"Ezeli, Festus","Golden State Warriors",1610612744,"made",39,"Green, Draymond",203110,0.116,89,1,2,6,0.333,1,4,0.25,1,2,0.5],[203105,"Ezeli, Festus","Golden State Warriors",1610612744,"made",39,"Iguodala, Andre",2738,0.108,83,3,5,8,0.625,4,5,0.8,1,3,0.333],[203105,"Ezeli, Festus","Golden State Warriors",1610612744,"made",39,"Barbosa, Leandro",2571,0.09,69,4,4,10,0.4,2,6,0.333,2,4,0.5],[203105,"Ezeli, Festus","Golden State Warriors",1610612744,"made",39,"Thompson, Klay",202691,0.064,49,5,6,12,0.5,5,8,0.625,1,4,0.25],[203105,"Ezeli, Festus","Golden State Warriors",1610612744,"made",39,"Clark, Ian",203546,0.057,44,1,2,6,0.333,1,5,0.2,1,1,1.0],[203105,"Ezeli, Festus","Golden State Warriors",1610612744,"made",39,"Barnes, Harrison",203084,0.031,24,3,4,7,0.571,2,4,0.5,2,3,0.667],[203105,"Ezeli, Festus","Golden State Warriors",1610612744,"made",39,"Rush, Brandon",201575,0.027,21,3,3,6,0.5,1,2,0.5,2,4,0.5],[203105,"Ezeli, Festus","Golden State Warriors",1610612744,"made",39,"Speights, Marreese",201578,0.008,6,0,0,1,0.0,0,1,0.0,0,0,0.0],[203105,"Ezeli, Festus","Golden State Warriors",1610612744,"made",39,"McAdoo, James Michael",203949,0.004,3,0,0,0,0.0,0,0,0.0,0,0,0.0],[203105,"Ezeli, Festus","Golden State Warriors",1610612744,"made",39,"Thompson, Jason",201574,0.001,1,0,0,0,0.0,0,0,0.0,0,0,0.0]]},{"name":"PassesReceived","headers":["PLAYER_ID","PLAYER_NAME_LAST_FIRST","TEAM_NAME","TEAM_ID","PASS_TYPE","G","PASS_FROM","PASS_TEAMMATE_PLAYER_ID","FREQUENCY","PASS","AST","FGM","FGA","FG_PCT","FG2M","FG2A","FG2_PCT","FG3M","FG3A","FG3_PCT"],"rowSet":[[203105,"Ezeli, Festus","Golden State Warriors",1610612744,"received",39,"Curry, Stephen",201939,0.221,124,18,18,38,0.474,18,38,0.474,0,0,0.0],[203105,"Ezeli, Festus","Golden State Warriors",1610612744,"received",39,"Iguodala, Andre",2738,0.16,90,10,12,22,0.545,12,22,0.545,0,0,0.0],[203105,"Ezeli, Festus","Golden State Warriors",1610612744,"received",39,"Livingston, Shaun",2733,0.16,90,7,7,17,0.412,7,17,0.412,0,0,0.0],[203105,"Ezeli, Festus","Golden State Warriors",1610612744,"received",39,"Green, Draymond",203110,0.144,81,30,30,40,0.75,30,40,0.75,0,0,0.0],[203105,"Ezeli, Festus","Golden State Warriors",1610612744,"received",39,"Thompson, Klay",202691,0.1,56,15,15,24,0.625,15,24,0.625,0,0,0.0],[203105,"Ezeli, Festus","Golden State Warriors",1610612744,"received",39,"Barbosa, Leandro",2571,0.077,43,6,9,13,0.692,9,13,0.692,0,0,0.0],[203105,"Ezeli, Festus","Golden State Warriors",1610612744,"received",39,"Clark, Ian",203546,0.046,26,2,3,6,0.5,3,6,0.5,0,0,0.0],[203105,"Ezeli, Festus","Golden State Warriors",1610612744,"received",39,"Barnes, Harrison",203084,0.041,23,2,4,5,0.8,4,5,0.8,0,0,0.0],[203105,"Ezeli, Festus","Golden State Warriors",1610612744,"received",39,"Rush, Brandon",201575,0.027,15,0,1,1,1.0,1,1,1.0,0,0,0.0],[203105,"Ezeli, Festus","Golden State Warriors",1610612744,"received",39,"Speights, Marreese",201578,0.014,8,1,1,1,1.0,1,1,1.0,0,0,0.0],[203105,"Ezeli, Festus","Golden State Warriors",1610612744,"received",39,"Thompson, Jason",201574,0.005,3,1,1,1,1.0,1,1,1.0,0,0,0.0],[203105,"Ezeli, Festus","Golden State Warriors",1610612744,"received",39,"McAdoo, James Michael",203949,0.005,3,0,0,0,0.0,0,0,0.0,0,0,0.0]]}]}