{"resource":"playerdashptpass","parameters":{"PerMode":"Totals","LeagueID":"00","Season":"2015-16","SeasonType":"Regular Season","PlayerID":203546,"TeamID":0,"Outcome":null,"Location":null,"Month":0,"SeasonSegment":null,"DateFrom":null,"DateTo":null,"OpponentTeamID":0,"VsConference":null,"VsDivision":null,"LastNGames":0},"resultSets":[{"name":"PassesMade","headers":["PLAYER_ID","PLAYER_NAME_LAST_FIRST","TEAM_NAME","TEAM_ID","PASS_TYPE","G","PASS_TO","PASS_TEAMMATE_PLAYER_ID","FREQUENCY","PASS","AST","FGM","FGA","FG_PCT","FG2M","FG2A","FG2_PCT","FG3M","FG3A","FG3_PCT"],"rowSet":[[203546,"Clark, Ian","Golden State Warriors",1610612744,"made",48,"Speights, Marreese",201578,0.134,90,7,7,17,0.412,5,11,0.455,2,6,0.333],[203546,"Clark, Ian","Golden State Warriors",1610612744,"made",48,"Thompson, Jason",201574,0.11,74,2,3,8,0.375,3,8,0.375,0,0,0.0],[203546,"Clark, Ian","Golden State Warriors",1610612744,"made",48,"Green, Draymond",203110,0.107,72,2,4,5,0.8,2,3,0.667,2,2,1.0],[203546,"Clark, Ian","Golden State Warriors",1610612744,"made",48,"Rush, Brandon",201575,0.101,68,5,4,17,0.235,0,6,0.0,4,11,0.364],[203546,"Clark, Ian","Golden State Warriors",1610612744,"made",48,"Livingston, Shaun",2733,0.095,64,2,5,10,0.5,5,10,0.5,0,0,0.0],[203546,"Clark, Ian","Golden State Warriors",1610612744,"made",48,"Iguodala, Andre",2738,0.089,60,1,3,8,0.375,3,5,0.6,0,3,0.0],[203546,"Clark, Ian","Golden State Warriors",1610612744,"made",48,"Thompson, Klay",202691,0.079,53,8,11,18,0.611,5,8,0.625,6,10,0.6],[203546,"Clark, Ian","Golden State Warriors",1610612744,"made",48,"McAdoo, James Michael",203949,0.066,44,4,4,5,0.8,4,5,0.8,0,0,0.0],[203546,"Clark, Ian","Golden State Warriors",1610612744,"made",48,"Barnes, Harrison",203084,0.064,43,6,10,15,0.667,6,10,0.6,4,5,0.8],[203546,"Clark, Ian","Golden State Warriors",1610612744,"made",48,"Barbosa, Leandro",2571,0.055,37,5,7,10,0.7,6,8,0.75,1,2,0.5],[203546,"Clark, Ian","Golden State Warriors",1610612744,"made",48,"Ezeli, Festus",203105,0.039,26,2,3,6,0.5,3,6,0.5,0,0,0.0],[203546,"Clark, Ian","Golden State Warriors",1610612744,"made",48,"Curry, Stephen",201939,0.031,21,2,3,5,0.6,0,1,0.0,3,4,0.75],[203546,"Clark, Ian","Golden State Warriors",1610612744,"made",48,"Bogut, Andrew",101106,0.021,14,2,2,3,0.667,2,3,0.667,0,0,0.0],[203546,"Clark, Ian","Golden State Warriors",1610612744,"made",48,"Looney, Kevon",1626172,0.006,4,1,1,2,0.5,0,0,0.0,1,2,0.5],[203546,"Clark, Ian","Golden State Warriors",1610612744,"made",48,"Varejao, Anderson",2760,0.001,1,0,0,0,0.0,0,0,0.0,0,0,0.0]]},{"name":"PassesReceived","headers":["PLAYER_ID","PLAYER_NAME_LAST_FIRST","TEAM_NAME","TEAM_ID","PASS_TYPE","G","PASS_FROM","PASS_TEAMMATE_PLAYER_ID","FREQUENCY","PASS","AST","FGM","FGA","FG_PCT","FG2M","FG2A","FG2_PCT","FG3M","FG3A","FG3_PCT"],"rowSet":[[203546,"Clark, Ian","Golden State Warriors",1610612744,"received",48,"Thompson, Jason",201574,0.128,102,6,11,19,0.579,8,11,0.727,3,8,0.375],[203546,"Clark, Ian","Golden State Warriors",1610612744,"received",48,"Green, Draymond",203110,0.117,93,12,14,28,0.5,9,16,0.563,5,12,0.417],[203546,"Clark, Ian","Golden State Warriors",1610612744,"received",48,"Rush, Brandon",201575,0.107,85,4,7,14,0.5,5,8,0.625,2,6,0.333],[203546,"Clark, Ian","Golden State Warriors",1610612744,"received",48,"Livingston, Shaun",2733,0.101,80,6,11,17,0.647,9,12,0.75,2,5,0.4],[203546,"Clark, Ian","Golden State Warriors",1610612744,"received",48,"Speights, Marreese",201578,0.096,76,2,4,12,0.333,4,9,0.444,0,3,0.0],[203546,"Clark, Ian","Golden State Warriors",1610612744,"received",48,"Barnes, Harrison",203084,0.079,63,1,3,6,0.5,3,4,0.75,0,2,0.0],[203546,"Clark, Ian","Golden State Warriors",1610612744,"received",48,"Iguodala, Andre",2738,0.074,59,6,7,16,0.438,2,6,0.333,5,10,0.5],[203546,"Clark, Ian","Golden State Warriors",1610612744,"received",48,"McAdoo, James Michael",203949,0.072,57,3,5,5,1.0,2,2,1.0,3,3,1.0],[203546,"Clark, Ian","Golden State Warriors",1610612744,"received",48,"Ezeli, Festus",203105,0.055,44,1,2,6,0.333,1,5,0.2,1,1,1.0],[203546,"Clark, Ian","Golden State Warriors",1610612744,"received",48,"Barbosa, Leandro",2571,0.045,36,3,3,12,0.25,1,6,0.167,2,6,0.333],[203546,"Clark, Ian","Golden State Warriors",1610612744,"received",48,"Thompson, Klay",202691,0.043,34,1,1,6,0.167,1,2,0.5,0,4,0.0],[203546,"Clark, Ian","Golden State Warriors",1610612744,"received",48,"Bogut, Andrew",101106,0.035,28,1,1,5,0.2,0,4,0.0,1,1,1.0],[203546,"Clark, Ian","Golden State Warriors",1610612744,"received",48,"Curry, Stephen",201939,0.028,22,2,2,6,0.333,1,2,0.5,1,4,0.25],[203546,"Clark, Ian","Golden State Warriors",1610612744,"received",48,"Looney, Kevon",1626172,0.014,11,0,1,3,0.333,1,3,0.333,0,0,0.0],[203546,"Clark, Ian","Golden State Warriors",1610612744,"received",48,"Varejao, Anderson",2760,0.005,4,0,0,0,0.0,0,0,0.0,0,0,0.0]]}]}