{"resource":"playerdashptpass","parameters":{"PerMode":"Totals","LeagueID":"00","Season":"2015-16","SeasonType":"Regular Season","PlayerID":203949,"TeamID":0,"Outcome":null,"Location":null,"Month":0,"SeasonSegment":null,"DateFrom":null,"DateTo":null,"OpponentTeamID":0,"VsConference":null,"VsDivision":null,"LastNGames":0},"resultSets":[{"name":"PassesMade","headers":["PLAYER_ID","PLAYER_NAME_LAST_FIRST","TEAM_NAME","TEAM_ID","PASS_TYPE","G","PASS_TO","PASS_TEAMMATE_PLAYER_ID","FREQUENCY","PASS","AST","FGM","FGA","FG_PCT","FG2M","FG2A","FG2_PCT","FG3M","FG3A","FG3_PCT"],"rowSet":[[203949,"McAdoo, James Michael","Golden State Warriors",1610612744,"made",25,"Livingston, Shaun",2733,0.265,71,1,2,5,0.4,2,5,0.4,0,0,0.0],[203949,"McAdoo, James Michael","Golden State Warriors",1610612744,"made",25,"Clark, Ian",203546,0.213,57,3,5,5,1.0,2,2,1.0,3,3,1.0],[203949,"McAdoo, James Michael","Golden State Warriors",1610612744,"made",25,"Iguodala, Andre",2738,0.149,40,2,3,7,0.429,2,2,1.0,1,5,0.2],[203949,"McAdoo, James Michael","Golden State Warriors",1610612744,"made",25,"Barbosa, Leandro",2571,0.071,19,1,1,5,0.2,1,4,0.25,0,1,0.0],[203949,"McAdoo, James Michael","Golden State Warriors",1610612744,"made",25,"Rush, Brandon",201575,0.063,17,0,0,0,0.0,0,0,0.0,0,0,0.0],[203949,"McAdoo, James Michael","Golden State Warriors",1610612744,"made",25,"Thompson, Klay",202691,0.063,17,0,0,4,0.0,0,2,0.0,0,2,0.0],[203949,"McAdoo, James Michael","Golden State Warriors",1610612744,"made",25,"Curry, Stephen",201939,0.049,13,0,1,1,1.0,1,1,1.0,0,0,0.0],[203949,"McAdoo, James Michael","Golden State Warriors",1610612744,"made",25,"Green, Draymond",203110,0.045,12,0,0,1,0.0,0,0,0.0,0,1,0.0],[203949,"McAdoo, James Michael","Golden State Warriors",1610612744,"made",25,"Speights, Marreese",201578,0.034,9,0,0,2,0.0,0,2,0.0,0,0,0.0],[203949,"McAdoo, James Michael","Golden State Warriors",1610612744,"made",25,"Thompson, Jason",201574,0.026,7,2,2,3,0.667,2,3,0.667,0,0,0.0],[203949,"McAdoo, James Michael","Golden State Warriors",1610612744,"made",25,"Ezeli, Festus",203105,0.011,3,0,0,0,0.0,0,0,0.0,0,0,0.0],[203949,"McAdoo, James Michael","Golden State Warriors",1610612744,"made",25,"Barnes, Harrison",203084,0.007,2,0,0,0,0.0,0,0,0.0,0,0,0.0],[203949,"McAdoo, James Michael","Golden State Warriors",1610612744,"made",25,"Bogut, Andrew",101106,0.004,1,1,1,1,1.0,1,1,1.0,0,0,0.0]]},{"name":"PassesReceived","headers":["PLAYER_ID","PLAYER_NAME_LAST_FIRST","TEAM_NAME","TEAM_ID","PASS_TYPE","G","PASS_FROM","PASS_TEAMMATE_PLAYER_ID","FREQUENCY","PASS","AST","FGM","FGA","FG_PCT","FG2M","FG2A","FG2_PCT","FG3M","FG3A","FG3_PCT"],"rowSet":[[203949,"McAdoo, James Michael","Golden State Warriors",1610612744,"received",25,"Livingston, Shaun",2733,0.273,53,7,7,13,0.538,7,13,0.538,0,0,0.0],[203949,"McAdoo, James Michael","Golden State Warriors",1610612744,"received",25,"Clark, Ian",203546,0.227,44,4,4,5,0.8,4,5,0.8,0,0,0.0],[203949,"McAdoo, James Michael","Golden State Warriors",1610612744,"received",25,"Iguodala, Andre",2738,0.124,24,3,3,4,0.75,3,4,0.75,0,0,0.0],[203949,"McAdoo, James Michael","Golden State Warriors",1610612744,"received",25,"Thompson, Klay",202691,0.088,17,0,0,5,0.0,0,5,0.0,0,0,0.0],[203949,"McAdoo, James Michael","Golden State Warriors",1610612744,"received",25,"Thompson, Jason",201574,0.062,12,0,1,2,0.5,1,2,0.5,0,0,0.0],[203949,"McAdoo, James Michael","Golden State Warriors",1610612744,"received",25,"Barbosa, Leandro",2571,0.052,10,1,1,3,0.333,1,3,0.333,0,0,0.0],[203949,"McAdoo, James Michael","Golden State Warriors",1610612744,"received",25,"Rush, Brandon",201575,0.041,8,0,0,0,0.0,0,0,0.0,0,0,0.0],[203949,"McAdoo, James Michael","Golden State Warriors",1610612744,"received",25,"Green, Draymond",203110,0.041,8,1,1,4,0.25,1,4,0.25,0,0,0.0],[203949,"McAdoo, James Michael","Golden State Warriors",1610612744,"received",25,"Speights, Marreese",201578,0.036,7,2,2,2,1.0,2,2,1.0,0,0,0.0],[203949,"McAdoo, James Michael","Golden State Warriors",1610612744,"received",25,"Curry, Stephen",201939,0.031,6,2,2,2,1.0,2,2,1.0,0,0,0.0],[203949,"McAdoo, James Michael","Golden State Warriors",1610612744,"received",25,"Ezeli, Festus",203105,0.015,3,0,0,0,0.0,0,0,0.0,0,0,0.0],[203949,"McAdoo, James Michael","Golden State Warriors",1610612744,"received",25,"Barnes, Harrison",203084,0.01,2,0,0,0,0.0,0,0,0.0,0,0,0.0]]}]}