{"resource":"playerdashptpass","parameters":{"PerMode":"Totals","LeagueID":"00","Season":"2015-16","SeasonType":"Regular Season","PlayerID":2571,"TeamID":0,"Outcome":null,"Location":null,"Month":0,"SeasonSegment":null,"DateFrom":null,"DateTo":null,"OpponentTeamID":0,"VsConference":null,"VsDivision":null,"LastNGames":0},"resultSets":[{"name":"PassesMade","headers":["PLAYER_ID","PLAYER_NAME_LAST_FIRST","TEAM_NAME","TEAM_ID","PASS_TYPE","G","PASS_TO","PASS_TEAMMATE_PLAYER_ID","FREQUENCY","PASS","AST","FGM","FGA","FG_PCT","FG2M","FG2A","FG2_PCT","FG3M","FG3A","FG3_PCT"],"rowSet":[[2571,"Barbosa, Leandro","Golden State Warriors",1610612744,"made",49,"Livingston, Shaun",2733,0.193,151,3,12,28,0.429,12,26,0.462,0,2,0.0],[2571,"Barbosa, Leandro","Golden State Warriors",1610612744,"made",49,"Iguodala, Andre",2738,0.166,130,15,19,36,0.528,12,19,0.632,7,17,0.412],[2571,"Barbosa, Leandro","Golden State Warriors",1610612744,"made",49,"Speights, Marreese",201578,0.13,102,10,10,24,0.417,8,20,0.4,2,4,0.5],[2571,"Barbosa, Leandro","Golden State Warriors",1610612744,"made",49,"Barnes, Harrison",203084,0.093,73,8,10,20,0.5,9,16,0.563,1,4,0.25],[2571,"Barbosa, Leandro","Golden State Warriors",1610612744,"made",49,"Curry, Stephen",201939,0.077,60,5,9,19,0.474,4,6,0.667,5,13,0.385],[2571,"Barbosa, Leandro","Golden State Warriors",1610612744,"made",49,"Green, Draymond",203110,0.071,56,8,8,11,0.727,6,7,0.857,2,4,0.5],[2571,"Barbosa, Leandro","Golden State Warriors",1610612744,"made",49,"Ezeli, Festus",203105,0.055,43,6,9,13,0.692,9,13,0.692,0,0,0.0],[2571,"Barbosa, Leandro","Golden State Warriors",1610612744,"made",49,"Clark, Ian",203546,0.046,36,3,3,12,0.25,1,6,0.167,2,6,0.333],[2571,"Barbosa, Leandro","Golden State Warriors",1610612744,"made",49,"Rush, Brandon",201575,0.045,35,3,3,11,0.273,2,6,0.333,1,5,0.2],[2571,"Barbosa, Leandro","Golden State Warriors",1610612744,"made",49,"Thompson, Klay",202691,0.038,30,1,1,6,0.167,0,2,0.0,1,4,0.25],[2571,"Barbosa, Leandro","Golden State Warriors",1610612744,"made",49,"Thompson, Jason",201574,0.033,26,1,2,4,0.5,2,4,0.5,0,0,0.0],[2571,"Barbosa, Leandro","Golden State Warriors",1610612744,"made",49,"Bogut, Andrew",101106,0.019,15,0,0,1,0.0,0,1,0.0,0,0,0.0],[2571,"Barbosa, Leandro","Golden State Warriors",1610612744,"made",49,"McAdoo, James Michael",203949,0.013,10,1,1,3,0.333,1,3,0.333,0,0,0.0],[2571,"Barbosa, Leandro","Golden State Warriors",1610612744,"made",49,"Varejao, Anderson",2760,0.013,10,0,0,1,0.0,0,1,0.0,0,0,0.0],[2571,"Barbosa, Leandro","Golden State Warriors",1610612744,"made",49,"Looney, Kevon",1626172,0.009,7,0,0,0,0.0,0,0,0.0,0,0,0.0]]},{"name":"PassesReceived","headers":["PLAYER_ID","PLAYER_NAME_LAST_FIRST","TEAM_NAME","TEAM_ID","PASS_TYPE","G","PASS_FROM","PASS_TEAMMATE_PLAYER_ID","FREQUENCY","PASS","AST","FGM","FGA","FG_PCT","FG2M","FG2A","FG2_PCT","FG3M","FG3A","FG3_PCT"],"rowSet":[[2571,"Barbosa, Leandro","Golden State Warriors",1610612744,"received",49,"Livingston, Shaun",2733,0.24,236,24,28,61,0.459,20,44,0.455,8,17,0.471],[2571,"Barbosa, Leandro","Golden State Warriors",1610612744,"received",49,"Iguodala, Andre",2738,0.149,146,16,22,47,0.468,17,33,0.515,5,14,0.357],[2571,"Barbosa, Leandro","Golden State Warriors",1610612744,"received",49,"Speights, Marreese",201578,0.096,94,3,6,19,0.316,6,15,0.4,0,4,0.0],[2571,"Barbosa, Leandro","Golden State Warriors",1610612744,"received",49,"Green, Draymond",203110,0.085,84,11,12,30,0.4,9,20,0.45,3,10,0.3],[2571,"Barbosa, Leandro","Golden State Warriors",1610612744,"received",49,"Barnes, Harrison",203084,0.079,78,7,12,18,0.667,10,15,0.667,2,3,0.667],[2571,"Barbosa, Leandro","Golden State Warriors",1610612744,"received",49,"Curry, Stephen",201939,0.075,74,6,7,22,0.318,6,13,0.462,1,9,0.111],[2571,"Barbosa, Leandro","Golden State Warriors",1610612744,"received",49,"Ezeli, Festus",203105,0.07,69,4,4,10,0.4,2,6,0.333,2,4,0.5],[2571,"Barbosa, Leandro","Golden State Warriors",1610612744,"received",49,"Rush, Brandon",201575,0.04,39,4,5,9,0.556,4,6,0.667,1,3,0.333],[2571,"Barbosa, Leandro","Golden State Warriors",1610612744,"received",49,"Clark, Ian",203546,0.038,37,5,7,10,0.7,6,8,0.75,1,2,0.5],[2571,"Barbosa, Leandro","Golden State Warriors",1610612744,"received",49,"Thompson, Jason",201574,0.038,37,2,3,11,0.273,3,6,0.5,0,5,0.0],[2571,"Barbosa, Leandro","Golden State Warriors",1610612744,"received",49,"Thompson, Klay",202691,0.027,27,3,4,9,0.444,2,4,0.5,2,5,0.4],[2571,"Barbosa, Leandro","Golden State Warriors",1610612744,"received",49,"Bogut, Andrew",101106,0.023,23,2,2,4,0.5,2,4,0.5,0,0,0.0],[2571,"Barbosa, Leandro","Golden State Warriors",1610612744,"received",49,"McAdoo, James Michael",203949,0.019,19,1,1,5,0.2,1,4,0.25,0,1,0.0],[2571,"Barbosa, Leandro","Golden State Warriors",1610612744,"received",49,"Varejao, Anderson",2760,0.013,13,3,3,7,0.429,2,4,0.5,1,3,0.333],[2571,"Barbosa, Leandro","Golden State Warriors",1610612744,"received",49,"Looney, Kevon",1626172,0.007,7,0,0,0,0.0,0,0,0.0,0,0,0.0]]}]}