{"resource":"playerdashptpass","parameters":{"PerMode":"Totals","LeagueID":"00","Season":"2015-16","SeasonType":"Regular Season","PlayerID":2733,"TeamID":0,"Outcome":null,"Location":null,"Month":0,"SeasonSegment":null,"DateFrom":null,"DateTo":null,"OpponentTeamID":0,"VsConference":null,"VsDivision":null,"LastNGames":0},"resultSets":[{"name":"PassesMade","headers":["PLAYER_ID","PLAYER_NAME_LAST_FIRST","TEAM_NAME","TEAM_ID","PASS_TYPE","G","PASS_TO","PASS_TEAMMATE_PLAYER_ID","FREQUENCY","PASS","AST","FGM","FGA","FG_PCT","FG2M","FG2A","FG2_PCT","FG3M","FG3A","FG3_PCT"],"rowSet":[[2733,"Livingston, Shaun","Golden State Warriors",1610612744,"made",58,"Iguodala, Andre",2738,0.154,294,12,17,39,0.436,11,21,0.524,6,18,0.333],[2733,"Livingston, Shaun","Golden State Warriors",1610612744,"made",58,"Green, Draymond",203110,0.141,270,20,26,42,0.619,21,27,0.778,5,15,0.333],[2733,"Livingston, Shaun","Golden State Warriors",1610612744,"made",58,"Barbosa, Leandro",2571,0.124,236,24,28,61,0.459,20,44,0.455,8,17,0.471],[2733,"Livingston, Shaun","Golden State Warriors",1610612744,"made",58,"Speights, Marreese",201578,0.108,206,27,33,72,0.458,29,65,0.446,4,7,0.571],[2733,"Livingston, Shaun","Golden State Warriors",1610612744,"made",58,"Barnes, Harrison",203084,0.105,200,15,28,64,0.438,24,51,0.471,4,13,0.308],[2733,"Livingston, Shaun","Golden State Warriors",1610612744,"made",58,"Thompson, Klay",202691,0.085,163,24,28,63,0.444,19,38,0.5,9,25,0.36],[2733,"Livingston, Shaun","Golden State Warriors",1610612744,"made",58,"Curry, Stephen",201939,0.075,144,10,19,40,0.475,11,18,0.611,8,22,0.364],[2733,"Livingston, Shaun","Golden State Warriors",1610612744,"made",58,"Ezeli, Festus",203105,0.047,90,7,7,17,0.412,7,17,0.412,0,0,0.0],[2733,"Livingston, Shaun","Golden State Warriors",1610612744,"made",58,"Bogut, Andrew",101106,0.045,86,7,7,8,0.875,7,8,0.875,0,0,0.0],[2733,"Livingston, Shaun","Golden State Warriors",1610612744,"made",58,"Clark, Ian",203546,0.042,80,6,11,17,0.647,9,12,0.75,2,5,0.4],[2733,"Livingston, Shaun","Golden State Warriors",1610612744,"made",58,"McAdoo, James Michael",203949,0.028,53,7,7,13,0.538,7,13,0.538,0,0,0.0],[2733,"Livingston, Shaun","Golden State Warriors",1610612744,"made",58,"Rush, Brandon",201575,0.026,50,4,4,11,0.364,1,4,0.25,3,7,0.429],[2733,"Livingston, Shaun","Golden State Warriors",1610612744,"made",58,"Thompson, Jason",201574,0.016,31,1,1,1,1.0,1,1,1.0,0,0,0.0],[2733,"Livingston, Shaun","Golden State Warriors",1610612744,"made",58,"Varejao, Anderson",2760,0.003,5,0,0,1,0.0,0,1,0.0,0,0,0.0],[2733,"Livingston, Shaun","Golden State Warriors",1610612744,"made",58,"Looney, Kevon",1626172,0.001,1,0,0,0,0.0,0,0,0.0,0,0,0.0]]},{"name":"PassesReceived","headers":["PLAYER_ID","PLAYER_NAME_LAST_FIRST","TEAM_NAME","TEAM_ID","PASS_TYPE","G","PASS_FROM","PASS_TEAMMATE_PLAYER_ID","FREQUENCY","PASS","AST","FGM","FGA","FG_PCT","FG2M","FG2A","FG2_PCT","FG3M","FG3A","FG3_PCT"],"rowSet":[[2733,"Livingston, Shaun","Golden State Warriors",1610612744,"received",58,"Green, Draymond",203110,0.167,329,26,32,51,0.627,30,48,0.625,2,3,0.667],[2733,"Livingston, Shaun","Golden State Warriors",1610612744,"received",58,"Iguodala, Andre",2738,0.149,293,10,24,49,0.49,24,46,0.522,0,3,0.0],[2733,"Livingston, Shaun","Golden State Warriors",1610612744,"received",58,"Barnes, Harrison",203084,0.111,218,6,13,21,0.619,13,21,0.619,0,0,0.0],[2733,"Livingston, Shaun","Golden State Warriors",1610612744,"received",58,"Speights, Marreese",201578,0.11,217,5,14,28,0.5,14,27,0.519,0,1,0.0],[2733,"Livingston, Shaun","Golden State Warriors",1610612744,"received",58,"Ezeli, Festus",203105,0.08,158,0,4,16,0.25,4,15,0.267,0,1,0.0],[2733,"Livingston, Shaun","Golden State Warriors",1610612744,"received",58,"Barbosa, Leandro",2571,0.077,151,3,12,28,0.429,12,26,0.462,0,2,0.0],[2733,"Livingston, Shaun","Golden State Warriors",1610612744,"received",58,"Thompson, Klay",202691,0.058,115,6,9,14,0.643,9,14,0.643,0,0,0.0],[2733,"Livingston, Shaun","Golden State Warriors",1610612744,"received",58,"Bogut, Andrew",101106,0.055,109,3,7,14,0.5,7,14,0.5,0,0,0.0],[2733,"Livingston, Shaun","Golden State Warriors",1610612744,"received",58,"Curry, Stephen",201939,0.053,105,9,15,20,0.75,15,20,0.75,0,0,0.0],[2733,"Livingston, Shaun","Golden State Warriors",1610612744,"received",58,"Rush, Brandon",201575,0.039,77,0,3,9,0.333,3,8,0.375,0,1,0.0],[2733,"Livingston, Shaun","Golden State Warriors",1610612744,"received",58,"McAdoo, James Michael",203949,0.036,71,1,2,5,0.4,2,5,0.4,0,0,0.0],[2733,"Livingston, Shaun","Golden State Warriors",1610612744,"received",58,"Clark, Ian",203546,0.032,64,2,5,10,0.5,5,10,0.5,0,0,0.0],[2733,"Livingston, Shaun","Golden State Warriors",1610612744,"received",58,"Thompson, Jason",201574,0.023,45,3,3,4,0.75,3,4,0.75,0,0,0.0],[2733,"Livingston, Shaun","Golden State Warriors",1610612744,"received",58,"Varejao, Anderson",2760,0.007,14,0,1,2,0.5,1,2,0.5,0,0,0.0],[2733,"Livingston, Shaun","Golden State Warriors",1610612744,"received",58,"Looney, Kevon",1626172,0.002,4,0,0,0,0.0,0,0,0.0,0,0,0.0]]}]}