{"resource":"playerdashptpass","parameters":{"PerMode":"Totals","LeagueID":"00","Season":"2015-16","SeasonType":"Regular Season","PlayerID":2738,"TeamID":0,"Outcome":null,"Location":null,"Month":0,"SeasonSegment":null,"DateFrom":null,"DateTo":null,"OpponentTeamID":0,"VsConference":null,"VsDivision":null,"LastNGames":0},"resultSets":[{"name":"PassesMade","headers":["PLAYER_ID","PLAYER_NAME_LAST_FIRST","TEAM_NAME","TEAM_ID","PASS_TYPE","G","PASS_TO","PASS_TEAMMATE_PLAYER_ID","FREQUENCY","PASS","AST","FGM","FGA","FG_PCT","FG2M","FG2A","FG2_PCT","FG3M","FG3A","FG3_PCT"],"rowSet":[[2738,"Iguodala, Andre","Golden State Warriors",1610612744,"made",57,"Curry, Stephen",201939,0.193,367,42,66,117,0.564,25,42,0.595,41,75,0.547],[2738,"Iguodala, Andre","Golden State Warriors",1610612744,"made",57,"Green, Draymond",203110,0.157,300,33,40,62,0.645,31,44,0.705,9,18,0.5],[2738,"Iguodala, Andre","Golden State Warriors",1610612744,"made",57,"Livingston, Shaun",2733,0.154,293,10,24,49,0.49,24,46,0.522,0,3,0.0],[2738,"Iguodala, Andre","Golden State Warriors",1610612744,"made",57,"Thompson, Klay",202691,0.086,163,28,36,68,0.529,20,37,0.541,16,31,0.516],[2738,"Iguodala, Andre","Golden State Warriors",1610612744,"made",57,"Barnes, Harrison",203084,0.085,161,21,28,58,0.483,16,34,0.471,12,24,0.5],[2738,"Iguodala, Andre","Golden State Warriors",1610612744,"made",57,"Speights, Marreese",201578,0.078,149,14,16,47,0.34,16,43,0.372,0,4,0.0],[2738,"Iguodala, Andre","Golden State Warriors",1610612744,"made",57,"Barbosa, Leandro",2571,0.077,146,16,22,47,0.468,17,33,0.515,5,14,0.357],[2738,"Iguodala, Andre","Golden State Warriors",1610612744,"made",57,"Ezeli, Festus",203105,0.047,90,10,12,22,0.545,12,22,0.545,0,0,0.0],[2738,"Iguodala, Andre","Golden State Warriors",1610612744,"made",57,"Bogut, Andrew",101106,0.047,90,6,8,12,0.667,8,12,0.667,0,0,0.0],[2738,"Iguodala, Andre","Golden State Warriors",1610612744,"made",57,"Clark, Ian",203546,0.031,59,6,7,16,0.438,2,6,0.333,5,10,0.5],[2738,"Iguodala, Andre","Golden State Warriors",1610612744,"made",57,"Rush, Brandon",201575,0.021,40,5,5,13,0.385,2,2,1.0,3,11,0.273],[2738,"Iguodala, Andre","Golden State Warriors",1610612744,"made",57,"McAdoo, James Michael",203949,0.013,24,3,3,4,0.75,3,4,0.75,0,0,0.0],[2738,"Iguodala, Andre","Golden State Warriors",1610612744,"made",57,"Varejao, Anderson",2760,0.007,14,1,1,1,1.0,1,1,1.0,0,0,0.0],[2738,"Iguodala, Andre","Golden State Warriors",1610612744,"made",57,"Thompson, Jason",201574,0.005,9,0,0,3,0.0,0,3,0.0,0,0,0.0]]},{"name":"PassesReceived","headers":["PLAYER_ID","PLAYER_NAME_LAST_FIRST","TEAM_NAME","TEAM_ID","PASS_TYPE","G","PASS_FROM","PASS_TEAMMATE_PLAYER_ID","FREQUENCY","PASS","AST","FGM","FGA","FG_PCT","FG2M","FG2A","FG2_PCT","FG3M","FG3A","FG3_PCT"],"rowSet":[[2738,"Iguodala, Andre","Golden State Warriors",1610612744,"received",57,"Green, Draymond",203110,0.194,354,32,36,66,0.545,25,35,0.714,11,31,0.355],[2738,"Iguodala, Andre","Golden State Warriors",1610612744,"received",57,"Curry, Stephen",201939,0.166,304,24,28,54,0.519,21,36,0.583,7,18,0.389],[2738,"Iguodala, Andre","Golden State Warriors",1610612744,"received",57,"Livingston, Shaun",2733,0.161,294,12,17,39,0.436,11,21,0.524,6,18,0.333],[2738,"Iguodala, Andre","Golden State Warriors",1610612744,"received",57,"Barnes, Harrison",203084,0.08,146,6,7,13,0.538,3,3,1.0,4,10,0.4],[2738,"Iguodala, Andre","Golden State Warriors",1610612744,"received",57,"Speights, Marreese",201578,0.079,145,7,10,22,0.455,6,11,0.545,4,11,0.364],[2738,"Iguodala, Andre","Golden State Warriors",1610612744,"received",57,"Barbosa, Leandro",2571,0.071,130,15,19,36,0.528,12,19,0.632,7,17,0.412],[2738,"Iguodala, Andre","Golden State Warriors",1610612744,"received",57,"Thompson, Klay",202691,0.061,111,5,7,15,0.467,6,10,0.6,1,5,0.2],[2738,"Iguodala, Andre","Golden State Warriors",1610612744,"received",57,"Bogut, Andrew",101106,0.053,97,9,11,19,0.579,6,9,0.667,5,10,0.5],[2738,"Iguodala, Andre","Golden State Warriors",1610612744,"received",57,"Ezeli, Festus",203105,0.045,83,3,5,8,0.625,4,5,0.8,1,3,0.333],[2738,"Iguodala, Andre","Golden State Warriors",1610612744,"received",57,"Clark, Ian",203546,0.033,60,1,3,8,0.375,3,5,0.6,0,3,0.0],[2738,"Iguodala, Andre","Golden State Warriors",1610612744,"received",57,"McAdoo, James Michael",203949,0.022,40,2,3,7,0.429,2,2,1.0,1,5,0.2],[2738,"Iguodala, Andre","Golden State Warriors",1610612744,"received",57,"Rush, Brandon",201575,0.022,40,2,3,12,0.25,1,8,0.125,2,4,0.5],[2738,"Iguodala, Andre","Golden State Warriors",1610612744,"received",57,"Thompson, Jason",201574,0.008,14,0,0,2,0.0,0,2,0.0,0,0,0.0],[2738,"Iguodala, Andre","Golden State Warriors",1610612744,"received",57,"Varejao, Anderson",2760,0.005,10,0,1,3,0.333,1,2,0.5,0,1,0.0]]}]}