{"resource":"playerdashptpass","parameters":{"PerMode":"Totals","LeagueID":"00","Season":"2015-16","SeasonType":"Regular Season","PlayerID":2760,"TeamID":0,"Outcome":null,"Location":null,"Month":0,"SeasonSegment":null,"DateFrom":null,"DateTo":null,"OpponentTeamID":0,"VsConference":null,"VsDivision":null,"LastNGames":0},"resultSets":[{"name":"PassesMade","headers":["PLAYER_ID","PLAYER_NAME_LAST_FIRST","TEAM_NAME","TEAM_ID","PASS_TYPE","G","PASS_TO","PASS_TEAMMATE_PLAYER_ID","FREQUENCY","PASS","AST","FGM","FGA","FG_PCT","FG2M","FG2A","FG2_PCT","FG3M","FG3A","FG3_PCT"],"rowSet":[[2760,"Varejao, Anderson","Cleveland Cavaliers",1610612739,"made",38,"Dellavedova, Matthew",203521,0.201,117,2,4,8,0.5,3,5,0.6,1,3,0.333],[2760,"Varejao, Anderson","Cleveland Cavaliers",1610612739,"made",38,"Williams, Mo",2590,0.146,85,0,4,13,0.308,4,10,0.4,0,3,0.0],[2760,"Varejao, Anderson","Cleveland Cavaliers",1610612739,"made",38,"James, LeBron",2544,0.105,61,1,7,20,0.35,6,15,0.4,1,5,0.2],[2760,"Varejao, Anderson","Cleveland Cavaliers",1610612739,"made",38,"Cunningham, Jared",203099,0.098,57,2,2,9,0.222,2,9,0.222,0,0,0.0],[2760,"Varejao, Anderson","Cleveland Cavaliers",1610612739,"made",38,"Jefferson, Richard",2210,0.069,40,6,8,16,0.5,4,10,0.4,4,6,0.667],[2760,"Varejao, Anderson","Cleveland Cavaliers",1610612739,"made",38,"Irving, Kyrie",202681,0.062,36,2,4,10,0.4,3,6,0.5,1,4,0.25],[2760,"Varejao, Anderson","Cleveland Cavaliers",1610612739,"made",38,"Smith, J.R.",2747,0.046,27,1,1,10,0.1,1,5,0.2,0,5,0.0],[2760,"Varejao, Anderson","Cleveland Cavaliers",1610612739,"made",38,"Jones, James",2592,0.04,23,3,3,6,0.5,1,3,0.333,2,3,0.667],[2760,"Varejao, Anderson","Cleveland Cavaliers",1610612739,"made",38,"Shumpert, Iman",202697,0.029,17,2,2,5,0.4,1,2,0.5,1,3,0.333],[2760,"Varejao, Anderson","Cleveland Cavaliers",1610612739,"made",38,"Love, Kevin",201567,0.021,12,0,0,4,0.0,0,3,0.0,0,1,0.0],[2760,"Varejao, Anderson","Cleveland Cavaliers",1610612739,"made",38,"Thompson, Tristan",202684,0.017,10,1,2,2,1.0,2,2,1.0,0,0,0.0],[2760,"Varejao, Anderson","Cleveland Cavaliers",1610612739,"made",38,"Mozgov, Timofey",202389,0.002,1,0,1,1,1.0,1,1,1.0,0,0,0.0],[2760,"Varejao, Anderson","Cleveland Cavaliers",1610612739,"made",38,"Harris, Joe",203925,0.002,1,0,0,0,0.0,0,0,0.0,0,0,0.0],[2760,"Varejao, Anderson","Golden State Warriors",1610612744,"made",38,"Curry, Stephen",201939,0.046,27,2,5,10,0.5,2,4,0.5,3,6,0.5],[2760,"Varejao, Anderson","Golden State Warriors",1610612744,"made",38,"Livingston, Shaun",2733,0.024,14,0,1,2,0.5,1,2,0.5,0,0,0.0],[2760,"Varejao, Anderson","Golden State Warriors",1610612744,"made",38,"Barbosa, Leandro",2571,0.022,13,3,3,7,0.429,2,4,0.5,1,3,0.333],[2760,"Varejao, Anderson","Golden State Warriors",1610612744,"made",38,"Green, Draymond",203110,0.021,12,0,0,1,0.0,0,1,0.0,0,0,0.0],[2760,"Varejao, Anderson","Golden State Warriors",1610612744,"made",38,"Iguodala, Andre",2738,0.017,10,0,1,3,0.333,1,2,0.5,0,1,0.0],[2760,"Varejao, Anderson","Golden State Warriors",1610612744,"made",38,"Barnes, Harrison",203084,0.012,7,2,2,3,0.667,2,2,1.0,0,1,0.0],[2760,"Varejao, Anderson","Golden State Warriors",1610612744,"made",38,"Clark, Ian",203546,0.007,4,0,0,0,0.0,0,0,0.0,0,0,0.0],[2760,"Varejao, Anderson","Golden State Warriors",1610612744,"made",38,"Thompson, Klay",202691,0.005,3,0,0,0,0.0,0,0,0.0,0,0,0.0],[2760,"Varejao, Anderson","Golden State Warriors",1610612744,"made",38,"Rush, Brandon",201575,0.003,2,0,0,0,0.0,0,0,0.0,0,0,0.0],[2760,"Varejao, Anderson","Golden State Warriors",1610612744,"made",38,"Speights, Marreese",201578,0.002,1,0,0,0,0.0,0,0,0.0,0,0,0.0],[2760,"Varejao, Anderson","Golden State Warriors",1610612744,"made",38,"Looney, Kevon",1626172,0.002,1,0,0,0,0.0,0,0,0.0,0,0,0.0]]},{"name":"PassesReceived","headers":["PLAYER_ID","PLAYER_NAME_LAST_FIRST","TEAM_NAME","TEAM_ID","PASS_TYPE","G","PASS_FROM","PASS_TEAMMATE_PLAYER_ID","FREQUENCY","PASS","AST","FGM","FGA","FG_PCT","FG2M","FG2A","FG2_PCT","FG3M","FG3A","FG3_PCT"],"rowSet":[[2760,"Varejao, Anderson","Cleveland Cavaliers",1610612739,"received",38,"Dellavedova, Matthew",203521,0.221,90,4,6,16,0.375,6,16,0.375,0,0,0.0],[2760,"Varejao, Anderson","Cleveland Cavaliers",1610612739,"received",38,"Williams, Mo",2590,0.143,58,2,3,7,0.429,3,7,0.429,0,0,0.0],[2760,"Varejao, Anderson","Cleveland Cavaliers",1610612739,"received",38,"James, LeBron",2544,0.118,48,6,6,15,0.4,6,15,0.4,0,0,0.0],[2760,"Varejao, Anderson","Cleveland Cavaliers",1610612739,"received",38,"Cunningham, Jared",203099,0.079,32,3,3,6,0.5,3,5,0.6,0,1,0.0],[2760,"Varejao, Anderson","Cleveland Cavaliers",1610612739,"received",38,"Jefferson, Richard",2210,0.079,32,2,2,4,0.5,2,4,0.5,0,0,0.0],[2760,"Varejao, Anderson","Cleveland Cavaliers",1610612739,"received",38,"Irving, Kyrie",202681,0.047,19,5,6,10,0.6,6,10,0.6,0,0,0.0],[2760,"Varejao, Anderson","Cleveland Cavaliers",1610612739,"received",38,"Thompson, Tristan",202684,0.032,13,0,0,1,0.0,0,1,0.0,0,0,0.0],[2760,"Varejao, Anderson","Cleveland Cavaliers",1610612739,"received",38,"Love, Kevin",201567,0.029,12,0,0,2,0.0,0,2,0.0,0,0,0.0],[2760,"Varejao, Anderson","Cleveland Cavaliers",1610612739,"received",38,"Smith, J.R.",2747,0.027,11,1,1,1,1.0,1,1,1.0,0,0,0.0],[2760,"Varejao, Anderson","Cleveland Cavaliers",1610612739,"received",38,"Shumpert, Iman",202697,0.022,9,1,1,1,1.0,1,1,1.0,0,0,0.0],[2760,"Varejao, Anderson","Cleveland Cavaliers",1610612739,"received",38,"Jones, James",2592,0.02,8,0,0,1,0.0,0,1,0.0,0,0,0.0],[2760,"Varejao, Anderson","Cleveland Cavaliers",1610612739,"received",38,"Kaun, Sasha",201619,0.015,6,0,0,0,0.0,0,0,0.0,0,0,0.0],[2760,"Varejao, Anderson","Cleveland Cavaliers",1610612739,"received",38,"Harris, Joe",203925,0.002,1,0,0,0,0.0,0,0,0.0,0,0,0.0],[2760,"Varejao, Anderson","Cleveland Cavaliers",1610612739,"received",38,"Mozgov, Timofey",202389,0.002,1,0,0,0,0.0,0,0,0.0,0,0,0.0],[2760,"Varejao, Anderson","Golden State Warriors",1610612744,"received",38,"Iguodala, Andre",2738,0.034,14,1,1,1,1.0,1,1,1.0,0,0,0.0],[2760,"Varejao, Anderson","Golden State Warriors",1610612744,"received",38,"Curry, Stephen",201939,0.032,13,2,2,4,0.5,2,4,0.5,0,0,0.0],[2760,"Varejao, Anderson","Golden State Warriors",1610612744,"received",38,"Barbosa, Leandro",2571,0.025,10,0,0,1,0.0,0,1,0.0,0,0,0.0],[2760,"Varejao, Anderson","Golden State Warriors",1610612744,"received",38,"Green, Draymond",203110,0.022,9,1,1,4,0.25,1,4,0.25,0,0,0.0],[2760,"Varejao, Anderson","Golden State Warriors",1610612744,"received",38,"Barnes, Harrison",203084,0.015,6,0,0,0,0.0,0,0,0.0,0,0,0.0],[2760,"Varejao, Anderson","Golden State Warriors",1610612744,"received",38,"Livingston, Shaun",2733,0.012,5,0,0,1,0.0,0,1,0.0,0,0,0.0],[2760,"Varejao, Anderson","Golden State Warriors",1610612744,"received",38,"Rush, Brandon",201575,0.012,5,0,0,0,0.0,0,0,0.0,0,0,0.0],[2760,"Varejao, Anderson","Golden State Warriors",1610612744,"received",38,"Thompson, Klay",202691,0.005,2,1,1,1,1.0,1,1,1.0,0,0,0.0],[2760,"Varejao, Anderson","Golden State Warriors",1610612744,"received",38,"Clark, Ian",203546,0.002,1,0,0,0,0.0,0,0,0.0,0,0,0.0],[2760,"Varejao, Anderson","Golden State Warriors",1610612744,"received",38,"Looney, Kevon",1626172,0.002,1,0,0,0,0.0,0,0,0.0,0,0,0.0],[2760,"Varejao, Anderson","Golden State Warriors",1610612744,"received",38,"Speights, Marreese",201578,0.002,1,0,0,0,0.0,0,0,0.0,0,0,0.0]]}]}