id,SGBH,DMSM1,SGDD,SGFSSJ
1,3.10118E+15,伤人事故,泗陈公路出佘北公路东约2米,2014/8/29 18:30
2,3.10118E+15,死亡事故,嘉松中路出华隆路南约3000米,2014/8/12 22:55
3,3.10116E+15,死亡事故,大川公路进周祝公路北约500米,2015/4/15 8:10
4,3.10112E+15,死亡事故,苏召路立跃路北约200米,2014/11/26 11:50
5,3.10116E+15,死亡事故,港城路出杨高北路西约300米,2014/9/11 15:05
6,3.10116E+15,死亡事故,康新公路进新卫路南约40米,2014/7/2 7:18
7,3.10117E+15,死亡事故,新绿街进新绿街新颖路西约150米,2014/7/5 8:06
8,3.10109E+15,伤人事故,江场西路原平路东约5米,2014/7/23 12:40
9,3.10117E+15,财产损失事故,辰花公路出光星路西约100米,2014/7/19 10:35
10,3.10109E+15,死亡事故,天目中路大统路东约1米,2014/7/7 20:17
11,3.1023E+15,死亡事故,协定公路协津公路西约500米,2014/9/25 16:15
12,3.10112E+15,死亡事故,剑川路进莲花南路东约300米,2014/7/7 23:39
13,3.10115E+15,死亡事故,御青路京浦路西约20米,2014/7/21 17:22
14,3.10117E+15,死亡事故,塔闵公路出松卫北路西约1000米,2014/7/7 17:25
15,3.10113E+15,死亡事故,沪闵路贵都路南约5米,2014/7/17 18:05
16,3.10113E+15,伤人事故,春西路申旺路南约30米,2014/7/16 22:23
17,3.10118E+15,死亡事故,昆港公路出新港路南约80米,2014/8/23 22:58
18,3.10115E+15,死亡事故,汇成路园西路东约1米,2014/8/3 11:55
19,3.10117E+15,死亡事故,滨湖路出新松江路南约100米,2014/7/11 15:33
20,3.10115E+15,死亡事故,外钱公路进墨玉北路东约300米,2014/10/30 22:50
21,3.10115E+15,死亡事故,东川公路上川路北约600米,2014/9/18 19:25
22,3.10112E+15,伤人事故,春都路都庄路东约100米,2014/9/3 12:16
23,3.10117E+15,死亡事故,嘉松南路沈砖公路东北约20米,2014/7/9 19:34
24,3.10113E+15,伤人事故,三鲁公路立跃路北约400米,2014/8/24 20:07
25,3.10113E+15,伤人事故,联跃路浦星公路东约0米,2014/7/20 22:04
26,3.10112E+15,死亡事故,沪闵路莘建路南约300米,2014/7/6 20:51
27,3.10112E+15,伤人事故,立跃路立民路北约0米,2014/7/29 11:37
28,3.10109E+15,死亡事故,共和新路出彭江路北约100米,2014/7/21 10:34
29,3.10118E+15,伤人事故,方泗公路进九干路南约200米,2014/7/18 17:45
30,3.10111E+15,死亡事故,政立路淞沪路东北约1米,2014/10/23 9:23
31,3.10115E+15,死亡事故,张杨北路航津路东约10米,2014/8/5 17:09
32,3.10115E+15,死亡事故,张东路祖冲之路东约1米,2014/9/11 19:57
33,3.10113E+15,伤人事故,漕宝路进龙茗路东约100米,2014/7/6 21:58
34,3.10115E+15,死亡事故,东高路张杨北路西约5米,2014/10/4 7:15
35,3.10301E+15,伤人事故,沪渝高速北侧中春路下匝道后约1000米,2014/7/20 22:25
36,3.10115E+15,死亡事故,五洲大道北侧申江路上匝道,2014/7/2 21:40
37,3.10116E+15,死亡事故,金展路林贤路南约200米,2014/8/6 8:56
38,3.10118E+15,伤人事故,沪昆高速北侧36km约900米,2014/7/3 3:30
39,3.10118E+15,死亡事故,崧泽大道出赵重公路东约1500米,2014/8/2 21:38
40,3.10106E+15,死亡事故,北翟路出剑河路西约100米,2014/7/14 15:28
41,3.10117E+15,死亡事故,玉树路进兴仓路北约80米,2014/7/12 19:40
42,3.10114E+15,伤人事故,外环高速东侧85km约200米,2014/7/23 4:05
43,3.10114E+15,死亡事故,恒高路进江杨南路东约30米,2014/8/29 18:32
44,3.10118E+15,死亡事故,嘉松中路纪鹤公路西北约10米,2014/7/23 8:01
45,3.10112E+15,死亡事故,老沪闵路进华泾路西约200米,2014/7/4 10:50
46,3.10118E+15,死亡事故,新胜路进白石公路南约500米,2014/7/26 0:57
47,3.10105E+15,死亡事故,龙吴路银都路西北约20米,2014/7/16 10:07
48,3.10118E+15,死亡事故,申港路出华磊路南约500米,2014/8/3 20:15
49,3.10112E+15,伤人事故,吴中路出环镇西路东约100米,2014/9/27 7:10
50,3.10113E+15,死亡事故,泰和西路富长路东约500米,2014/7/31 17:35
51,3.10115E+15,死亡事故,永盛路希望路东约1米,2014/8/6 15:35
52,3.10116E+15,死亡事故,申江南路周祝公路(南)南约30米,2014/7/2 1:00
53,3.10115E+15,死亡事故,高科中路伽利略路东约1米,2014/9/21 22:32
54,3.10115E+15,死亡事故,宝钱公路沪宜公路北约1米,2014/8/30 6:40
55,3.10116E+15,死亡事故,南团公路进宣黄公路南约300米,2014/9/27 18:10
56,3.10112E+15,死亡事故,联友路周泾路东北约5米,2014/7/22 17:09
57,3.1011E+15,伤人事故,周家嘴路公平路南约00米,2014/7/21 15:15
58,3.10113E+15,死亡事故,其他路大华路301弄83号,2014/7/8 9:29
59,3.10117E+15,死亡事故,同利路进盛龙路西约500米,2014/8/12 9:55
60,3.10117E+15,死亡事故,卫六路进板桥西路南约100米,2014/10/14 17:54
61,3.10116E+15,死亡事故,栏学路科农路东约1米,2014/9/23 10:10
62,3.10113E+15,死亡事故,宝安公路进联杨路西约200米,2014/7/30 9:16
63,3.10115E+15,死亡事故,金昌西路老翔黄路西约300米,2014/8/21 12:45
64,3.10117E+15,伤人事故,九泾路进沧泾路北约200米,2014/8/10 21:00
65,3.10117E+15,死亡事故,亭枫公路金石公路东约50米,2014/9/17 12:14
66,3.10112E+15,伤人事故,银都路景洪路西约200米,2014/9/29 21:50
67,3.10116E+15,死亡事故,川周公路秀浦路西约10米,2014/7/21 3:46
68,3.10114E+15,死亡事故,曹安公路出淞阳南路西约300米,2014/8/19 19:35
69,3.10116E+15,死亡事故,沪南公路康新公路东约5米,2014/7/4 12:25
70,3.10118E+15,死亡事故,沪昆高速北侧47km约200米,2014/7/7 14:33
71,3.10115E+15,死亡事故,新建一路澄浏公路南约30米,2014/7/9 8:43
72,3.10116E+15,死亡事故,上丰路进金丰路南约1米,2014/7/10 17:59
73,3.10118E+15,死亡事故,杜村公路出友爱路北约1000米,2014/7/12 11:07
74,3.10114E+15,死亡事故,嘉罗公路迎园中路北约10米,2014/8/25 13:35
75,3.10111E+15,死亡事故,营口路出佳木斯路北约150米,2014/11/17 6:30
76,3.10112E+15,伤人事故,七莘路润虹路东北约0米,2014/7/22 9:10
77,3.10115E+15,死亡事故,其他路航头镇海桥村,2014/7/13 16:50
78,3.10118E+15,死亡事故,文翔路辰塔路西约5米,2014/7/27 11:32
79,3.10117E+15,伤人事故,场东路出莘松路南约100米,2014/9/18 19:22
80,3.10118E+15,死亡事故,沪青平公路进高泾路东约5米,2014/7/17 10:08
81,3.10115E+15,死亡事故,巨峰路进申江路东约400米,2014/8/14 17:15
82,3.10117E+15,死亡事故,中山中路出人民南路(东)东约3米,2014/7/7 3:55
83,3.1023E+15,死亡事故,其他路庙镇合中村路,2014/7/14 15:10
84,3.10117E+15,死亡事故,荣乐东路松东路东约10米,2014/7/4 20:05
85,3.10113E+15,伤人事故,沪闵路新苗路北约5米,2014/7/30 6:17
86,3.10114E+15,死亡事故,宝祁路南侧0km约319米,2014/8/13 14:42
87,3.10114E+15,死亡事故,川路联谊路路口,2014/7/9 6:20
88,3.10116E+15,死亡事故,靖海路进人民东路南约50米,2014/7/6 3:08
89,3.10117E+15,死亡事故,漕廊公路进沪杭公路西约50米,2014/9/17 2:27
90,3.10116E+15,死亡事故,亭枫公路新顺路西约150米,2014/9/16 7:15
91,3.10115E+15,死亡事故,下盐路军港公路东约1米,2014/8/28 8:25
92,3.10112E+15,死亡事故,浦星公路出沈杜公路南约100米,2014/7/9 3:44
93,3.10118E+15,伤人事故,莘砖公路同乐路北约3米,2014/8/20 4:18
94,3.10116E+15,死亡事故,川南奉公路进东大公路北约1000米,2014/7/6 12:20
95,3.10108E+15,死亡事故,古浪路进真南路东约100米,2014/7/26 2:40
96,3.10117E+15,死亡事故,沪昆高速出沪方向新桥入口匝道,2014/7/7 16:55
97,3.10116E+15,死亡事故,普庆路进德兴街东约1米,2014/7/1 19:12
98,3.10107E+15,死亡事故,交通路进泾惠路西约150米,2014/10/12 0:26
99,3.10111E+15,死亡事故,周家嘴路出许昌路西约20米,2014/9/14 11:25
100,3.10118E+15,死亡事故,天辰路向阳河路西约5米,2014/9/5 19:13
101,3.10117E+15,死亡事故,金石公路出亭枫公路南约300米,2014/10/2 10:03
102,3.10112E+15,伤人事故,浦放路进鲁陈路西约1500米,2014/7/28 13:11
103,3.10116E+15,死亡事故,川沙路储七路东约1米,2014/12/12 18:09
104,3.10221E+15,死亡事故,杨高北一路出港华路南约100米,2014/10/1 10:35
105,3.10112E+15,死亡事故,中春路顾戴路北约5米,2014/8/11 9:42
106,3.10114E+15,伤人事故,藻南路江杨南路路口,2014/7/11 16:30
107,3.10117E+15,伤人事故,泗凤公路新家园路东约1米,2014/9/22 22:52
108,3.10116E+15,死亡事故,巨峰路进申江路东约10米,2014/7/11 17:21
109,3.10115E+15,死亡事故,上丰路进达丰路北约100米,2014/8/22 11:48
110,3.10114E+15,死亡事故,沪宜公路嘉安公路(西)南约1米,2014/9/17 9:19
111,3.10114E+15,死亡事故,宝安公路东侧0km约2165米,2014/10/16 9:18
112,3.10116E+15,死亡事故,海霞路进川南奉公路东约80米,2014/7/23 18:10
113,3.10115E+15,死亡事故,芦五公路妙香路东约5米,2014/8/1 9:33
114,3.10115E+15,死亡事故,周祝公路进南六公路西约50米,2014/9/10 15:07
115,3.10115E+15,死亡事故,上海绕城高速南侧上海绕城高速龙东大道南向东下匝道前约50米,2014/7/25 21:50
116,3.10113E+15,死亡事故,江月路浦星公路北约0米,2014/8/3 14:50
117,3.10118E+15,死亡事故,光星路茸平路南约5米,2014/8/4 18:20
118,3.10118E+15,死亡事故,叶新公路进许村公路西约500米,2014/7/12 8:14
119,3.10116E+15,死亡事故,亭枫公路兴豪路东约500米,2014/8/26 10:18
120,3.10113E+15,死亡事故,金都路春西路西约10米,2014/10/29 17:20
121,3.10224E+15,死亡事故,富特中路新灵路北约00米,2014/12/3 16:07
122,3.10301E+15,伤人事故,内环高架外侧NW0937约5米,2014/10/3 5:16
123,3.1023E+15,死亡事故,港沿公路草港公路东约200米,2014/8/15 19:30
124,3.10114E+15,死亡事故,京沪高速东侧1207.4km约1米,2014/9/22 3:00
125,3.10113E+15,伤人事故,沪青平公路七莘路南约5米,2014/8/14 7:26
126,3.10112E+15,死亡事故,虹梅南路出元江路北约150米,2014/10/4 12:40
127,3.10119E+15,死亡事故,沈海高速东侧1282km约300米,2014/10/27 22:05
128,3.10114E+15,死亡事故,宝杨路淞宝路路口,2014/10/28 7:48
129,3.10231E+15,死亡事故,陈海公路出前竖公路北约10米,2014/8/18 7:40
130,3.10113E+15,伤人事故,沪青平公路申昆路西北约10米,2014/11/13 17:44
131,3.10114E+15,死亡事故,京沪高速东侧1218km约200米,2014/7/22 2:10
132,3.10115E+15,死亡事故,拱极东路盐大路东约1米,2014/7/28 10:25
133,3.10118E+15,死亡事故,崧泽大道外青松公路东约5米,2014/10/6 9:55
134,3.10301E+15,伤人事故,中环高架内侧ZN0906约0米,2014/9/11 12:01
135,3.10117E+15,伤人事故,嘉松南路泗陈公路北约10米,2014/8/19 20:54
136,3.10118E+15,死亡事故,松东路进环城路北约150米,2014/9/14 3:18
137,3.10112E+15,伤人事故,陈行公路浦星公路北约0米,2014/9/22 21:00
138,3.10116E+15,死亡事故,金廊公路朱吕公路南约3000米,2014/8/31 15:50
139,3.10112E+15,死亡事故,沈杜公路浦星公路东约0米,2014/10/18 21:20
140,3.10117E+15,死亡事故,香闵路进香车路南约20米,2014/7/19 20:10
141,3.10117E+15,死亡事故,漕廊公路东贤路东约10米,2014/10/7 18:42
142,3.10119E+15,死亡事故,久业路出北青公路北约100米,2014/7/19 23:15
143,3.10115E+15,死亡事故,妙境路进青厦路南约30米,2014/7/16 11:39
144,3.10115E+15,死亡事故,上川路华东路东北约15米,2014/8/25 11:12
145,3.10112E+15,死亡事故,沪闵路北松公路南约50米,2014/8/8 11:20
146,3.10116E+15,死亡事故,川周公路平川路南约20米,2014/10/22 8:20
147,3.10102E+15,死亡事故,打浦路进斜土路北约100米,2014/7/25 8:10
148,3.10114E+15,死亡事故,双丁路德富路西约2米,2014/9/5 15:09
149,3.10115E+15,死亡事故,嘉行公路新建一路北约1米,2014/8/29 23:18
150,3.10121E+15,死亡事故,奉炮公路东侧2km约200米,2014/8/21 22:14
151,3.10104E+15,伤人事故,宛平南路出斜土路南约200米,2014/8/12 0:12
152,3.1012E+15,死亡事故,新四平公路进川南奉公路北约500米,2014/7/13 6:50
153,3.10114E+15,死亡事故,金沙江西路金园一路西约1米,2014/11/12 15:50
154,3.1023E+15,死亡事故,草港公路出陈肺10米,2014/10/23 14:56
155,3.10116E+15,死亡事故,川沙路出上川路南约20米,2014/7/21 7:35
156,3.10116E+15,死亡事故,申江路出锦绣东路北约200米,2014/8/26 23:42
157,3.10114E+15,死亡事故,沈海高速北侧1268km约500米,2014/8/4 22:30
158,3.10113E+15,死亡事故,瑞丰路进丰翔路北约400米,2014/9/30 5:10
159,3.1011E+15,伤人事故,广粤路进广灵四路北约200米,2014/11/18 16:34
160,3.10115E+15,死亡事故,申江南路进古丹路北约500米,2014/7/18 14:09
161,3.10113E+15,死亡事故,龙吴路出北吴路北约100米,2014/8/21 19:26
162,3.1012E+15,死亡事故,新四平公路进川南奉公路南约2米,2014/8/1 4:35
163,3.10118E+15,死亡事故,新府中路进华志路南约1000米,2014/9/30 22:18
164,3.10116E+15,死亡事故,东三里桥路南码头路东约1米,2014/9/7 11:13
165,3.10114E+15,死亡事故,嘉罗公路施曹公路东约500米,2014/9/21 9:07
166,3.10113E+15,死亡事故,立跃路立民路西约0米,2014/10/19 13:12
167,3.10115E+15,死亡事故,嘉安公路嘉松北路西约300米,2014/9/5 20:05
168,3.10114E+15,死亡事故,水产路铁山路路口,2014/10/10 15:35
169,3.10112E+15,伤人事故,昆阳路出江川路北约300米,2014/8/28 19:38
170,3.10108E+15,死亡事故,大渡河路怒江北路北约0米,2014/10/2 23:33
171,3.10121E+15,死亡事故,上塑路进沿钱路东约800米,2014/8/15 9:40
172,3.10112E+15,死亡事故,西环路进闵松路南约300米,2014/9/30 3:59
173,3.10115E+15,死亡事故,同顺大道茂祥路东约5米,2014/11/8 18:30
174,3.10118E+15,死亡事故,袜子弄出中山东路北约150米,2014/7/10 10:48
175,3.10113E+15,死亡事故,外环高速外侧约80km,2014/9/23 23:20
176,3.1011E+15,伤人事故,周家嘴路新建路西约00米,2014/7/16 0:10
177,3.10105E+15,死亡事故,衡山路余庆路东约5米,2014/8/10 6:48
178,3.10107E+15,死亡事故,真南路出红柳路东约50米,2014/8/6 17:52
179,3.1023E+15,死亡事故,草港公路建设公路西约500米,2014/9/24 9:27
180,3.10101E+15,死亡事故,中山南路会馆弄西约0米,2014/8/25 5:20
181,3.10117E+15,死亡事故,山房公路东侧2km约100米,2014/9/13 16:50
182,3.10121E+15,死亡事故,四平公路东侧2km约400米,2014/7/31 20:23
183,3.10113E+15,伤人事故,纪翟路出北青公路北约200米,2014/9/14 13:28
184,3.10105E+15,死亡事故,柳州路出宜山路北约150米,2014/8/6 7:35
185,3.10115E+15,死亡事故,顾唐路上丰路东约1米,2014/10/15 20:20
186,3.10112E+15,伤人事故,莲花南路向阳路北约20米,2014/9/10 18:44
187,3.10121E+15,死亡事故,大叶公路东侧41km约100米,2014/7/2 19:00
188,3.10117E+15,死亡事故,昆港公路进佘天昆公路南约200米,2014/8/11 4:55
189,3.10113E+15,死亡事故,剑川路虹梅南路东约1米,2014/9/23 15:00
190,3.10116E+15,死亡事故,高科东路顾唐路东约1米,2014/7/31 17:38
191,3.10118E+15,死亡事故,漕盈公路清河湾路(南)南约5米,2014/9/5 17:45
192,3.10112E+15,死亡事故,莲花南路出东川路南约500米,2014/9/19 17:48
193,3.10115E+15,死亡事故,申江南路川周公路南约5米,2014/7/18 8:23
194,3.10114E+15,死亡事故,沪太公路月罗公路路口,2014/7/9 5:14
195,3.10118E+15,死亡事故,大叶公路进车亭公路东约2700米,2014/9/19 2:50
196,3.10116E+15,死亡事故,外环高速西侧外环高速内侧长清路下匝道前约20米,2014/9/12 19:49
197,3.10118E+15,死亡事故,佘北公路桃源路北约80米,2014/8/13 3:00
198,3.10109E+15,伤人事故,西藏北路进南山路南约10米,2014/8/17 19:58
199,3.10114E+15,死亡事故,殷高西路高境路西约1米,2014/8/9 5:05
200,3.1012E+15,死亡事故,新四平公路海杰路东约200米,2014/10/10 21:00
201,3.10115E+15,死亡事故,杨高北路进胶东路北约80米,2014/11/14 20:02
202,3.10117E+15,死亡事故,沈海高速东侧沈海高速前约500米,2014/8/5 6:42
203,3.10104E+15,死亡事故,肇嘉浜路大木桥路西约20米,2014/8/14 23:39
204,3.10119E+15,死亡事故,青赵公路出曙光路北约200米,2014/8/5 7:43
205,3.10116E+15,死亡事故,张杨北路航津路东约1米,2014/8/14 22:03
206,3.10114E+15,死亡事故,伊宁路永盛路西约100米,2014/9/10 6:42
207,3.10116E+15,死亡事故,金张公路进建乐路南约10米,2014/8/28 15:30
208,3.10116E+15,死亡事故,老芦公路两港大道西北约5米,2014/8/8 9:52
209,3.1023E+15,死亡事故,三沙洪路出人民路北约30米,2014/10/24 7:27
210,3.10115E+15,死亡事故,嘉安公路回城西路南约10米,2014/8/24 17:51
211,3.10118E+15,死亡事故,沈海高速西侧1295km约900米,2014/7/25 1:50
212,3.10121E+15,死亡事故,团青公路奉村路东约2米,2014/7/25 4:05
213,3.10115E+15,死亡事故,宝安公路嘉松北路西约5米,2014/10/14 10:01
214,3.10108E+15,伤人事故,恒丰路天目西路北约1米,2014/7/28 10:15
215,3.10116E+15,死亡事故,华夏高架路东侧BWP0280约1米,2014/7/27 8:05
216,3.10116E+15,死亡事故,沪南公路上南路东约20米,2014/8/11 23:20
217,3.10113E+15,伤人事故,七莘路华茂路北约100米,2014/10/23 22:37
218,3.10112E+15,伤人事故,剑川路老中春路北约2米,2014/10/22 15:12
219,3.10118E+15,死亡事故,文翔路进辰塔路西约300米,2014/9/23 6:50
220,3.10115E+15,死亡事故,浦东北路大同路西北约10米,2014/8/11 9:35
221,3.10113E+15,死亡事故,剑川路出金平路西约10米,2014/7/29 21:05
222,3.10116E+15,死亡事故,老芦公路进三三公路南约100米,2014/7/28 4:25
223,3.10104E+15,死亡事故,沪闵路虹梅路东北约10米,2014/9/4 6:26
224,3.10116E+15,死亡事故,华东路进华夏东路北约600米,2014/10/29 11:50
225,3.10116E+15,死亡事故,华夏中路金科路东约1米,2014/7/11 20:43
226,3.10113E+15,死亡事故,莲花南路银都路北约300米,2014/10/14 10:35
227,3.10112E+15,死亡事故,中春路进黎安路南约1000米,2014/7/27 0:32
228,3.10113E+15,死亡事故,富锦路出同济路西约500米,2014/9/20 16:10
229,3.10115E+15,死亡事故,沪城环路出大学城共享区道路北约200米,2014/9/14 17:25
230,3.10116E+15,死亡事故,世纪大道进东方路西约100米,2014/9/7 20:55
231,3.10117E+15,死亡事故,叶新公路进文工路东约50米,2014/10/2 8:35
232,3.10113E+15,伤人事故,沪闵路元江路北约120米,2014/9/16 12:44
233,3.10117E+15,死亡事故,张庄公路塔闵公路北约3000米,2014/9/2 15:05
234,3.10105E+15,死亡事故,罗秀路进虹梅南路(西)东约60米,2014/9/27 0:02
235,3.10114E+15,死亡事故,宝钱公路嘉唐公路东约2000米,2014/10/29 8:26
236,3.10118E+15,死亡事故,华徐公路进盈港东路南约200米,2014/12/8 14:34
237,3.10116E+15,死亡事故,申江路进高科中路北约50米,2014/12/2 15:40
238,3.10107E+15,伤人事故,光复西路进大渡河路(西)东约60米,2014/8/22 12:00
239,3.10113E+15,伤人事故,陈行公路苏召路西约0米,2014/8/16 16:59
240,3.10221E+15,伤人事故,东海大桥进沪K11约0米,2014/7/21 23:10
241,3.10111E+15,死亡事故,包头路进嫩江路北约230米,2014/11/30 19:48
242,3.10108E+15,伤人事故,老沪太路进沪太路东约100米,2014/8/2 5:04
243,3.10119E+15,死亡事故,沪渝高速北侧50km约600米,2014/7/22 1:50
244,3.10118E+15,伤人事故,莘松路场东路西约5米,2014/8/13 10:46
245,3.10225E+15,死亡事故,北进场路浦东机场北立交东约0米,2014/7/21 1:10
246,3.10116E+15,死亡事故,国展路进云台路东约70米,2014/9/19 9:57
247,3.10117E+15,死亡事故,沈海高速东侧1307km约400米,2015/1/9 19:20
248,3.10113E+15,死亡事故,申嘉湖高速北侧34km约500米,2014/8/29 22:00
249,3.10107E+15,伤人事故,余姚路延平路南约3米,2014/7/5 15:10
250,3.10113E+15,伤人事故,宜山路进古美路东约60米,2014/9/4 20:04
251,3.10117E+15,死亡事故,人民北路出辰花路南约150米,2014/9/14 15:40
252,3.10114E+15,死亡事故,友谊路进江杨北路西约1958米,2014/8/22 17:15
253,3.10119E+15,死亡事故,沪渝高速北侧50km约700米,2014/7/22 4:40
254,3.10113E+15,伤人事故,北松公路进中青路东约200米,2014/9/12 10:28
255,3.10113E+15,死亡事故,共康东路岭南路路口,2014/8/1 1:30
256,3.10115E+15,死亡事故,金葵路出金粤路东约150米,2014/11/22 20:44
257,3.10113E+15,死亡事故,双城路进宝东路西约200米,2014/8/14 22:10
258,3.10119E+15,死亡事故,前云路出沪青平公路南约1600米,2014/9/25 4:57
259,3.10115E+15,死亡事故,上海绕城高速外侧48.5km约20米,2014/11/20 0:50
260,3.10116E+15,死亡事故,高科东路出华东路东约800米,2014/9/23 21:09
261,3.10231E+15,死亡事故,向堡公路进合五公路东约400米,2014/7/23 9:20
262,3.10115E+15,死亡事故,浏翔公路宝钱公路东约1米,2014/7/9 8:15
263,3.10118E+15,死亡事故,沈砖公路出城隆路东约300米,2014/7/31 19:20
264,3.10105E+15,死亡事故,中山西路虹桥路东北约15米,2014/8/22 11:01
265,3.10119E+15,死亡事故,纪鹤公路进宝丰路东约10米,2014/9/16 15:35
266,3.10114E+15,死亡事故,长江路进军工路西约50米,2014/9/16 9:18
267,3.10112E+15,伤人事故,元江路龙吴路西北约0米,2014/11/26 13:58
268,3.10106E+15,死亡事故,古北路延安西路西南约20米,2014/10/30 11:02
269,3.10112E+15,伤人事故,林海公路东佳路南约3000米,2014/7/27 10:42
270,3.10114E+15,死亡事故,虎林路进呼兰路南约200米,2014/11/22 8:15
271,3.10108E+15,伤人事故,共和新路柳营路北约5米,2014/10/16 7:40
272,3.10108E+15,死亡事故,凯旋北路进盘湾里西约50米,2014/9/19 9:45
273,3.10116E+15,死亡事故,沪南公路进航南公路北约400米,2014/9/12 18:23
274,3.10102E+15,死亡事故,金陵西路淡水路东约8米,2014/11/21 11:00
275,3.10113E+15,伤人事故,三鲁公路进东方一路北约300米,2014/9/15 8:20
276,3.10113E+15,伤人事故,航南路进航东路西约20米,2014/9/23 18:30
277,3.10113E+15,死亡事故,古美路平南路北约0米,2014/10/8 8:25
278,3.10108E+15,死亡事故,共和新路进汾西路南约10米,2014/9/4 7:45
279,3.10113E+15,伤人事故,沪青平公路华翔路西北约15米,2014/11/17 19:02
280,3.10112E+15,死亡事故,七莘路进中谊路南约200米,2014/7/21 19:56
281,3.10112E+15,伤人事故,北松公路出中春路东约400米,2014/10/12 18:20
282,3.10115E+15,死亡事故,浦东南路进洪山路东约1米,2014/8/21 10:02
283,3.10105E+15,死亡事故,遵义路进天山路北约80米,2015/4/7 10:07
284,3.10108E+15,死亡事故,保德路阳曲路东约1米,2014/10/11 8:00
285,3.10104E+15,伤人事故,漕溪北路蒲汇塘路南约30米,2014/11/24 0:52
286,3.10117E+15,死亡事故,叶兴公路出叶政路南约2KM,2014/7/15 11:15
287,3.10112E+15,伤人事故,莘建东路出广贤路西约50米,2014/10/27 9:19
288,3.10102E+15,死亡事故,徐家汇路顺昌路西约0米,2014/9/4 11:30
289,3.10117E+15,伤人事故,古楼公路出刘五公路西约10米,2014/9/11 5:40
290,3.10115E+15,死亡事故,两港大道(南北)出沪南公路南约500米,2014/11/3 23:35
291,3.10118E+15,死亡事故,盈淀路进青赵公路西约80米,2014/7/27 13:30
292,3.10114E+15,死亡事故,京沪高速公路（上海段）往南京方向1211KM+800M,2014/9/27 14:10
293,3.10113E+15,死亡事故,中春路沪松公路西约5米,2014/8/18 6:03
294,3.10115E+15,死亡事故,上海绕城高速内侧50.3km约30米,2014/8/5 21:20
295,3.10116E+15,死亡事故,朱吕公路进朱平公路东约1米,2015/1/20 20:46
296,3.10108E+15,死亡事故,桃浦路真光路西约2米,2014/9/18 9:42
297,3.10115E+15,死亡事故,沪南公路建豪路东约20米,2014/9/21 11:05
298,3.10112E+15,死亡事故,召泰路出鲁南路南约10米,2014/12/11 13:16
299,3.10114E+15,伤人事故,沪太路联白路东约1米,2014/9/7 13:01
300,3.10104E+15,死亡事故,虹漕路进漕宝路南约300米,2014/7/6 18:28
301,3.10108E+15,死亡事故,桃浦路进双河路西约50米,2014/8/30 17:08
302,3.1012E+15,死亡事故,泰青公路东侧3km约200米,2014/8/15 11:20
303,3.10119E+15,死亡事故,沪青平公路出嘉松中路西约30米,2014/9/29 8:00
304,3.10117E+15,伤人事故,沪松公路涞亭南路南约20米,2014/12/2 14:58
305,3.1011E+15,死亡事故,军工路港水路北约1米,2014/12/15 13:10
306,3.10117E+15,伤人事故,古楼公路出横港公路西约250米,2014/7/14 18:08
307,3.10113E+15,死亡事故,莲花南路澄江路东约5米,2014/7/18 15:25
308,3.10117E+15,死亡事故,申嘉湖高速南侧53公里km约200米,2014/9/19 10:00
309,3.10114E+15,死亡事故,宝钱公路安新路南约1米,2015/1/2 13:46
310,3.10113E+15,伤人事故,中春路光中路北约00米,2014/10/17 23:13
311,3.10118E+15,死亡事故,陈章路出华重公路北约400米,2014/11/20 22:30
312,3.10107E+15,死亡事故,长乐路襄阳北路西约7米,2014/9/4 13:44
313,3.10118E+15,死亡事故,北松公路出李高路西约50米,2014/7/31 14:16
314,3.10113E+15,伤人事故,沪太公路曹新公路东约1米,2014/7/28 20:12
315,3.10116E+15,死亡事故,亭枫公路松金公路东约10米,2014/9/24 5:20
316,3.10113E+15,伤人事故,中谊路出七莘路西约70米,2014/9/26 18:56
317,3.10109E+15,死亡事故,共和新路洛川东路南约1米,2014/10/4 9:20
318,3.10102E+15,死亡事故,肇嘉浜路进瑞金南路西约30米,2014/10/24 8:50
319,3.10113E+15,死亡事故,城银路园康路东约1米,2014/10/14 10:39
320,3.10118E+15,死亡事故,泗陈公路方泗公路北约5米,2014/9/30 17:20
321,3.10118E+15,伤人事故,莘松路进场西路西约60米,2014/8/25 6:32
322,3.10119E+15,死亡事故,嘉松中路华志路北约5米,2014/11/1 5:11
323,3.10114E+15,死亡事故,潘泾路进宝安公路南约500米,2014/8/6 6:38
324,3.10118E+15,死亡事故,新胜路出友爱路北约1000米,2014/9/13 7:10
325,3.10113E+15,死亡事故,月罗公路抚远路东约1米,2014/7/27 16:12
326,3.10115E+15,死亡事故,大川公路进拱为路北约500米,2014/8/20 19:25
327,3.10112E+15,死亡事故,浦星公路联跃路东约0米,2014/9/3 7:49
328,3.10118E+15,伤人事故,泗陈公路进横港公路西约300米,2014/7/17 21:15
329,3.10112E+15,死亡事故,纪翟路北翟支路东北约5米,2014/9/4 6:45
330,3.10121E+15,死亡事故,浦卫公路奉庄公路东约1米,2014/10/20 11:45
331,3.10101E+15,伤人事故,复兴东路出大夫坊东约30米,2014/8/20
332,3.10109E+15,伤人事故,宝山路海伦西路南约00米,2014/9/12 14:10
333,3.10115E+15,死亡事故,城中路城中街西约1米,2014/9/25 15:10
334,3.10104E+15,死亡事故,百色路龙川北路西约5米,2014/9/9 14:39
335,3.1011E+15,死亡事故,国顺东路出双阳北路东约700米,2014/7/23 15:30
336,3.10113E+15,伤人事故,二热一路二热五路北约15米,2014/7/17 8:05
337,3.10117E+15,死亡事故,叶新公路出中南路东约300米,2014/10/2 18:15
338,3.10117E+15,死亡事故,大叶公路进车亭公路东约1000米,2014/8/19 5:00
339,3.10118E+15,死亡事故,沪昆高速北侧47km约0米,2014/8/28 1:56
340,3.10117E+15,伤人事故,沪松公路进沪亭北路东约200米,2014/7/10 3:01
341,3.10115E+15,死亡事故,港城路出浦东北路西约1000米,2014/8/11 14:00
342,3.10117E+15,伤人事故,新车公路三浜路东北约10米,2014/8/20 5:05
343,3.10113E+15,死亡事故,宝杨路江杨北路(东)东约1米,2014/9/23 18:12
344,3.10115E+15,死亡事故,胜辛北路汇荣路北约1米,2014/11/17 17:28
345,3.10118E+15,死亡事故,沪昆高速出沪方向新浜入口匝道,2014/10/7 14:33
346,3.10117E+15,伤人事故,新松江路出三新北路东约500米,2014/12/8 11:31
347,3.10231E+15,死亡事故,沪陕高速东侧44km约700米,2014/8/8 2:58
348,3.10118E+15,死亡事故,新松江路进西林北路西约100米,2014/9/14 23:19
349,3.10114E+15,死亡事故,百安公路园耀路东约1米,2014/10/2 6:03
350,3.10117E+15,死亡事故,沈海高速西侧亭卫公路出口,2014/10/20 21:05
351,3.10115E+15,死亡事故,京沪高速进沪1216.3km约0米,2014/11/17 21:15
352,3.10102E+15,伤人事故,打浦路隧道中山南一路南约200米,2014/7/21 9:52
353,3.10113E+15,死亡事故,水产路进铁力路东约100米,2014/11/7 15:18
354,3.10115E+15,死亡事故,华夏中路张江路东约1米,2014/10/11 11:00
355,3.10118E+15,死亡事故,长石公路进甘德公路(东)南约200米,2014/10/2 21:44
356,3.10118E+15,死亡事故,车亭公路进同建公路南约500米,2014/10/27 12:45
357,3.10117E+15,死亡事故,沈海高速东侧亭卫公路入口前约20米,2015/1/20 9:38
358,3.10108E+15,死亡事故,真南路出真北路西约50米,2014/11/20 10:20
359,3.10116E+15,死亡事故,内环高架外侧浦东内环高架内圈锦绣下匝道前约300米,2014/10/26 22:57
360,3.10107E+15,伤人事故,中山北路光新路东约5米,2014/10/4 6:35
361,3.10104E+15,伤人事故,漕溪北路出南丹东路约5米,2014/8/19 22:38
362,3.10109E+15,死亡事故,中兴路共和新路北约1米,2014/11/3 14:16
363,3.10112E+15,伤人事故,三鲁公路沈杜公路北约30米,2014/11/26 12:56
364,3.10105E+15,死亡事故,桂林路进吴中路南约250米,2014/12/26 20:01
365,3.10109E+15,死亡事故,瑞虹路出天镇路北约50米,2014/11/26 10:42
366,3.10114E+15,死亡事故,富联路进宝安公路北约60米,2014/7/10 20:25
367,3.10114E+15,伤人事故,长江西路进郁江巷路西约500米,2014/8/7 14:36
368,3.10117E+15,死亡事故,泗陈公路进沪松公路西约100米,2014/10/18 11:14
369,3.10115E+15,死亡事故,浦东北路航津路北约1米,2014/12/3 18:50
370,3.10104E+15,死亡事故,华泾路出位育路西约50米,2014/7/30 15:57
371,3.10113E+15,伤人事故,北青公路华翔路西北约5米,2014/10/13 15:52
372,3.10113E+15,伤人事故,友谊路铁力路路口,2014/12/12 17:44
373,3.10113E+15,伤人事故,中春路颛盛路北约30米,2014/9/11 20:00
374,3.10116E+15,死亡事故,古棕路出美人蕉路西约200米,2014/8/23 8:35
375,3.10113E+15,伤人事故,南大路出制革路西约10米,2014/11/10 21:29
376,3.10112E+15,伤人事故,联友路出纪高路北约200米,2014/9/18 12:21
377,3.10112E+15,死亡事故,吴中路合川路东约0米,2014/10/14 11:35
378,3.10118E+15,死亡事故,大叶公路车亭公路东约5米,2014/10/21 19:54
379,3.1011E+15,死亡事故,中原路翔殷路北约200米,2014/9/23 23:20
380,3.10113E+15,伤人事故,联友路纪高路西北约3米,2014/12/6 6:23
381,3.10108E+15,死亡事故,真光路出梅川路南约150米,2014/7/18 11:45
382,3.10115E+15,死亡事故,卫行路出华夏西路南约360米,2014/9/15 13:36
383,3.10117E+15,死亡事故,金廊公路进亭枫公路南约1000米,2014/11/9 21:00
384,3.10231E+15,死亡事故,合五公路进北沿公路南约1100米,2014/10/15 17:50
385,3.10231E+15,死亡事故,翠竹路进佘山岛路东约200米,2014/11/8 19:07
386,3.10117E+15,死亡事故,松金公路亭枫公路东南约3米,2014/12/28 19:55
387,3.10118E+15,伤人事故,昆港公路出光华路南约100米,2015/1/13 17:04
388,3.10115E+15,死亡事故,川沙路迎宾高速北侧川沙路上匝道北约1米,2014/12/23 18:20
389,3.10118E+15,死亡事故,叶新公路进松金公路东约800米,2014/11/3 12:28
390,3.10116E+15,死亡事故,榕桥路金京路东约2米,2014/12/18 14:42
391,3.10118E+15,伤人事故,昆港公路出佘天昆公路南约300米,2014/12/6 9:08
392,3.10107E+15,死亡事故,曹杨路出固川路北约80米,2014/10/16 15:22
393,3.10223E+15,死亡事故,华申路富特西一路东约00米,2014/11/11 9:55
394,3.10113E+15,伤人事故,虹梅路出吴中路南约50米,2014/12/5 9:42
395,3.10222E+15,死亡事故,东海大道进能源路西约300米,2014/11/3 10:08
396,3.10112E+15,伤人事故,浦星公路永南路北约0米,2014/11/17 20:38
397,3.10116E+15,死亡事故,东亭路进晚霞路南约300米,2015/1/30 8:46
398,3.10112E+15,死亡事故,江川路进昆阳路西约1000米,2014/9/23 19:10
399,3.10116E+15,死亡事故,杨高北路东陆路东约10米,2014/9/20 19:56
400,3.10113E+15,伤人事故,江川路菱川路东约0米,2014/11/30 17:10
401,3.1011E+15,伤人事故,周家嘴路进通州路东约50米,2014/10/25 11:55
402,3.10112E+15,伤人事故,江川路出瑞丽路西约150米,2014/12/12 14:09
403,3.10115E+15,死亡事故,锦绣路进高青路南约150米,2014/10/23 14:20
404,3.10112E+15,伤人事故,三鲁公路东方一路北约10米,2014/10/29 18:48
405,3.10121E+15,死亡事故,叶庄公路东侧1km约200米,2014/12/3 19:31
406,3.10115E+15,死亡事故,川桥路金港路东约1米,2015/1/28 17:25
407,3.10117E+15,伤人事故,玉树路出松汇西路南约100米,2015/1/2 14:15
408,3.10115E+15,死亡事故,博园路联西路东约1米,2014/11/22 17:25
409,3.10114E+15,死亡事故,金昌西路嘉松北路北约2米,2014/11/17 19:00
410,3.10117E+15,伤人事故,上海绕城高速西侧129.2km约20米,2015/1/6 22:22
411,3.10121E+15,死亡事故,环城南路环城西路东约1米,2015/1/8 7:44
412,3.10118E+15,伤人事故,沪松公路张泾路东约1米,2015/1/13 7:46
413,3.10231E+15,死亡事故,三双公路出利民路北约200米,2015/1/9 8:15
414,3.10117E+15,死亡事故,九泾路进涞寅路北约3米,2014/12/10 7:53
415,3.10116E+15,死亡事故,杨高中路进金新路西约10米,2015/2/24 22:25
416,3.10113E+15,伤人事故,兰竹路出青杉路北约100米,2014/10/29 18:36
417,3.10118E+15,死亡事故,人民北路进思贤路南约100米,2014/9/18 18:34
418,3.10227E+15,死亡事故,目华路出北河路北约37米,2014/10/7 17:29
419,3.10116E+15,死亡事故,沪南公路沉香村,2014/11/3 16:10
420,3.1012E+15,死亡事故,望园路进航南公路北约1000米,2014/9/7 6:25
421,3.10115E+15,死亡事故,娄陆公路嘉唐公路东约1000米,2014/11/3 17:14
422,3.10121E+15,死亡事故,海湾路南海公路东约2米,2014/10/18 16:50
423,3.10231E+15,死亡事故,港沿公路出草港公路北约500米,2014/12/8 9:05
424,3.10117E+15,伤人事故,莘砖公路出九新公路东约120米,2015/1/8 7:18
425,3.10112E+15,死亡事故,虹梅南路出金都路北约300米,2014/11/24 19:05
426,3.10113E+15,死亡事故,吴中路进虹梅路西约150米,2015/1/14 4:06
427,3.10117E+15,死亡事故,昆港公路港兴路东约10米,2014/11/5 8:20
428,3.10115E+15,死亡事故,老芦公路进同顺大道北约1000米,2014/10/26 15:15
429,3.10118E+15,伤人事故,松东路出环城路北约200米,2015/1/14 19:50
430,3.10117E+15,伤人事故,龙源路进文汇路北约800米,2015/1/23 21:10
431,3.10113E+15,死亡事故,东川路天星路西约0米,2015/3/2 9:46
432,3.10104E+15,死亡事故,田东路出漕东支路东约150米,2014/11/11 12:26
433,3.1012E+15,死亡事故,团青公路北唐路东约1米,2014/12/2 20:15
434,3.10105E+15,死亡事故,虹桥路出中山西路东约250米,2015/1/17 22:05
435,3.10113E+15,伤人事故,水产路进牡丹江路西约100米,2014/12/14 8:55
436,3.10115E+15,死亡事故,周祝公路进南祝路(西)西约1000米,2014/10/3 9:15
437,3.10113E+15,伤人事故,三鲁公路联航路北约0米,2014/11/9 13:29
438,3.10114E+15,死亡事故,月春路进月罗路南约100米,2014/10/10 8:53
439,3.10113E+15,死亡事故,江杨北路东侧0km约98米,2014/8/15 7:28
440,3.10105E+15,死亡事故,外环高速东侧71.5km前约0米,2014/11/19 1:39
441,3.10119E+15,死亡事故,崧泽大道诸光路东南约5米,2014/11/23 11:39
442,3.10112E+15,伤人事故,北青公路华翔路西南约15米,2015/1/25 17:03
443,3.10113E+15,伤人事故,浦星公路进鲁南路北约500米,2014/9/28 7:20
444,3.10112E+15,伤人事故,沧源路进景谷东路北约150米,2015/3/20 7:35
445,3.10116E+15,死亡事故,漕廊公路进秦弯路东约1000米,2014/12/18 10:42
446,3.10105E+15,死亡事故,虹桥路出凯旋路西约20米,2014/12/4 17:41
447,3.1012E+15,死亡事故,平庄西路六墩村中心路东约1米,2014/11/14 11:06
448,3.10113E+15,死亡事故,朗枫路沪太路东约1米,2014/10/26 7:15
449,3.10115E+15,死亡事故,沪南公路沉香村,2014/11/30 17:50
450,3.10114E+15,死亡事故,南藻路进南藻支路东约200米,2014/11/17 17:08
451,3.10121E+15,死亡事故,浦卫公路进科工路北约200米,2014/9/8 22:00
452,3.10115E+15,死亡事故,秀沿路进康新公路东约150米,2014/10/2 22:49
453,3.10231E+15,死亡事故,北陈公路出陈彷公路北约1000米,2014/11/23 9:25
454,3.10113E+15,伤人事故,元江路莲花南路西约0米,2014/9/29 21:44
455,3.10113E+15,伤人事故,浦星公路沈杜公路北约0米,2015/1/20 19:32
456,3.10112E+15,伤人事故,浦星公路进联航路北约150米,2014/10/23 10:10
457,3.10115E+15,死亡事故,东川公路金海路东约2米,2015/1/1 4:17
458,3.10112E+15,伤人事故,吴中路进吴宝路东约5米,2014/12/15 15:55
459,3.10121E+15,死亡事故,奉柘公路进钦林南路东约100米,2014/12/14 17:30
460,3.10114E+15,死亡事故,伊宁路环南四路(南)西约100米,2014/12/16 18:32
461,3.1012E+15,死亡事故,胡桥新街进浦卫公路东约150米,2014/12/29 8:05
462,3.10118E+15,死亡事故,漕盈公路清河湾路(南)南约10米,2015/1/14 17:37
463,3.10121E+15,死亡事故,浦卫公路光明中心路西约300米,2014/11/8 10:30
464,3.10115E+15,死亡事故,沔北路孙桥路西约1000米,2014/10/2 20:30
465,3.10115E+15,死亡事故,川沙路进川图路北约2米,2014/12/21 17:50
466,3.10118E+15,伤人事故,辰花公路龙源路北约10米,2015/1/24 12:27
467,3.10116E+15,死亡事故,南芦公路出马五公路西约400米,2014/9/22 16:15
468,3.10113E+15,伤人事故,剑川路进沧源路东约300米,2014/10/28 13:00
469,3.10106E+15,死亡事故,新闸路石门二路西约2米,2014/10/14 10:02
470,3.10114E+15,死亡事故,嘉新公路宝安公路东约1米,2014/11/10 14:43
471,3.1012E+15,死亡事故,浦星公路进奉柘公路西约100米,2014/12/25 7:00
472,3.10114E+15,财产损失事故,沪太路行知路东约1米,2014/12/29 7:30
473,3.10114E+15,死亡事故,宝杨路通达路东约1米,2014/11/1 20:53
474,3.10102E+15,死亡事故,金陵中路进普安路东约70米,2014/9/25 22:45
475,3.10109E+15,死亡事故,奎照路进凉城路西约100米,2014/11/23 15:52
476,3.10115E+15,死亡事故,外环高速东侧75.6km约1米,2014/11/4 5:30
477,3.10116E+15,死亡事故,金沪路新金桥路东约10米,2014/10/26 15:12
478,3.10115E+15,死亡事故,曹安公路万镇路西约200米,2014/11/30 10:58
479,3.10121E+15,死亡事故,大叶公路东侧25km约100米,2014/9/9 5:33
480,3.10116E+15,死亡事故,外环高速外侧18km约50米,2014/10/14 9:34
481,3.10113E+15,死亡事故,江杨南路进长江西路南约1377米,2014/10/5 13:55
482,3.1011E+15,死亡事故,四川北路海宁路西约00米,2014/11/18 10:11
483,3.10116E+15,死亡事故,东川公路凌白公路东约1米,2014/12/10 10:55
484,3.10118E+15,死亡事故,广富林路辰塔路西南约15米,2014/12/9 15:55
485,3.10107E+15,死亡事故,武宁南路康定路南约8米,2014/11/1 14:45
486,3.10112E+15,死亡事故,申嘉湖高速西侧33km约300米,2014/11/14 2:50
487,3.10113E+15,伤人事故,牡丹江路盘古路路口,2014/12/29 17:18
488,3.10115E+15,死亡事故,世博大道进白莲泾路南约10米,2015/1/8 10:50
489,3.10115E+15,死亡事故,新环东路进牌楼东路东约150米,2015/1/3 15:16
490,3.10102E+15,死亡事故,鲁班路斜土路北约0米,2014/9/27 10:35
491,3.10118E+15,死亡事故,沪昆高速西侧沪昆高速枫泾收费站广场前约100米,2014/11/21 12:50
492,3.10109E+15,伤人事故,共和新路出大宁路北约500米,2015/1/13 19:22
493,3.10115E+15,死亡事故,胜竹路永新路东约0米,2014/11/13 19:05
494,3.10121E+15,死亡事故,航南公路出泰西路西约5米,2014/12/27 17:30
495,3.1012E+15,死亡事故,浦星公路东侧30km约100米,2014/12/27 7:10
496,3.10105E+15,死亡事故,古北路出长宁路南约10米,2014/11/14 10:48
497,3.1023E+15,死亡事故,,2014/12/5 5:20
498,3.1011E+15,死亡事故,嫩江路出中原路西约150米,2014/11/18 14:10
499,3.10113E+15,财产损失事故,樟岭路盘古路东约0米,2014/12/29 23:28
500,3.10121E+15,死亡事故,扶港路进大叶公路北约100米,2014/11/2 18:46
501,3.10116E+15,死亡事故,亭卫公路进大慈路南约200米,2014/11/10 8:10
502,3.10117E+15,死亡事故,其他路蔷薇村,2014/12/11 17:42
503,3.10109E+15,死亡事故,沪太路出华阴路北约60米,2014/11/7 11:07
504,3.10115E+15,死亡事故,徐潘路出劳动路东约300米,2014/11/21 17:55
505,3.10222E+15,伤人事故,港建路申东路口,2014/11/14 9:17
506,3.10115E+15,伤人事故,博园路新黄路西约10米,2014/12/14 6:00
507,3.10105E+15,死亡事故,冠生园路出桂林路东约100米,2014/12/19 12:18
508,3.10113E+15,死亡事故,华宁路出北松公路南约300米,2015/1/3 6:30
509,3.10117E+15,死亡事故,车亭公路出叶新公路北约1000米,2014/12/26 22:50
510,3.10115E+15,死亡事故,南六公路出宣春路南约500米,2014/9/15 14:20
511,3.10114E+15,死亡事故,长江路长江南路西约30米,2014/12/12 22:46
512,3.10109E+15,死亡事故,四川北路邢家桥南路北约20米,2014/11/8 8:40
513,3.10117E+15,死亡事故,卖新公路马明路西北约10米,2014/10/7 17:06
514,3.10117E+15,伤人事故,泗砖路出长施公路南约70米,2014/12/20 9:43
515,3.10115E+15,死亡事故,沪城环路出橄榄路南约200米,2014/10/5 21:45
516,3.10116E+15,死亡事故,沪南公路出沈庄路南约100米,2014/11/2 18:40
517,3.10114E+15,财产损失事故,江杨北路进富锦路北约20米,2014/12/29 15:00
518,3.10117E+15,伤人事故,辰花路出沪松公路西约10米,2014/10/24 7:37
519,3.10224E+15,伤人事故,富特中路出新灵路北约50米,2014/10/28 8:33
520,3.10114E+15,死亡事故,沈石路进宝安公路西约100米,2014/12/24 21:18
521,3.10118E+15,伤人事故,荣乐东路出联阳路东约20米,2015/1/19 15:45
522,3.10112E+15,伤人事故,中春路北松公路南约200米,2014/10/13 11:11
523,3.10113E+15,死亡事故,沪闵路莘建路西约0米,2014/10/24 20:15
524,3.10118E+15,死亡事故,北松公路进香泾路东约10米,2014/10/28 8:45
525,3.1023E+15,死亡事故,北沿公路进小洋公路东约1500米,2015/1/10 18:00
526,3.10118E+15,死亡事故,练西公路进沪青平公路南约1000米,2014/12/22 16:55
527,3.10114E+15,死亡事故,临洮路靖远路东约1米,2015/1/1 23:35
528,3.10113E+15,死亡事故,北翟路南华街西北约15米,2015/2/24 16:22
529,3.10117E+15,死亡事故,金廊公路进朱吕公路北约200米,2014/10/24 20:32
530,3.1023E+15,死亡事故,,2014/10/23 11:32
531,3.10117E+15,死亡事故,沪松路进繁华路南约50米,2015/1/2 6:08
532,3.10112E+15,死亡事故,吴中路进桂林北路西约200米,2015/1/1 19:30
533,3.10114E+15,死亡事故,洛场路进场联路西约100米,2014/10/9 13:19
534,3.10119E+15,伤人事故,沪青平公路进前云路南约200米,2015/3/11 8:45
535,3.10115E+15,死亡事故,柳湖路树屏路东约1米,2015/3/26 8:43
536,3.10118E+15,死亡事故,沪青平公路蟠龙路西北约5米,2015/2/2 7:20
537,3.10117E+15,伤人事故,方塔北路美能达路北约20米,2015/4/16 19:48
538,3.10118E+15,死亡事故,姚北公路出沪亭南路东约20米,2015/1/5 19:15
539,3.10119E+15,死亡事故,练西公路进老朱枫公路西约600米,2015/1/24 14:23
540,3.10114E+15,死亡事故,胜辛南路进宝安公路东约300米,2014/12/11 19:55
541,3.10115E+15,死亡事故,沪南公路观海路东约1米,2015/1/22 12:56
542,3.10112E+15,死亡事故,北翟路七莘路东南约12米,2015/1/7 22:30
543,3.10118E+15,伤人事故,泗凤公路刘五公路东约5米,2015/1/1 11:33
544,3.10115E+15,死亡事故,顾高公路出陈邵路西约350米,2015/3/3 14:24
545,3.10116E+15,死亡事故,张杨北路外环高速外侧张杨北路上匝道西约5米,2014/11/17 20:41
546,3.10115E+15,死亡事故,昌里路洪山路东约1米,2014/11/6 11:07
547,3.10109E+15,死亡事故,东长治路进高阳路西约100米,2014/10/29 17:00
548,3.10102E+15,死亡事故,人民路新开河路北约0米,2014/11/10 18:10
549,3.10108E+15,死亡事故,曹杨路进宁夏路北约50米,2014/12/26 20:28
550,3.10114E+15,死亡事故,沪宜公路永盛路西约5米,2015/2/22 23:50
551,3.10114E+15,死亡事故,江杨北路出友谊路南约200米,2014/9/21 7:43
552,3.10118E+15,伤人事故,上海绕城高速东侧139km约900米,2015/1/4 1:05
553,3.10116E+15,死亡事故,人民西路进大川公路西约800米,2014/12/19 12:25
554,3.10116E+15,死亡事故,金石南路进漕廊公路北约1000米,2014/12/30 14:40
555,3.1011E+15,伤人事故,临平路瑞虹路东约0米,2015/1/18 12:50
556,3.10115E+15,死亡事故,博乐南路嘉罗公路东约1米,2014/12/27 9:20
557,3.10114E+15,死亡事故,叶城路出永盛路西约50米,2015/2/7 1:18
558,3.10114E+15,死亡事故,罗北路进罗溪路东约389米,2014/10/12 16:26
559,3.10116E+15,死亡事故,外环高速外侧22km约10米,2014/12/8 21:20
560,3.10113E+15,死亡事故,泰和路进同济路西约20米,2014/12/7 12:50
561,3.10112E+15,伤人事故,联友路进鸣嘉路北约300米,2014/10/29 13:35
562,3.10112E+15,死亡事故,沧源路进剑川路南约300米,2014/10/24 10:15
563,3.10118E+15,伤人事故,昆港公路进平原街南约50米,2015/1/13 11:45
564,3.10112E+15,伤人事故,春申路出虹梅南路东约200米,2014/12/12 8:50
565,3.10301E+15,伤人事故,卢浦大桥西侧LDX-048约0米,2014/9/15 7:20
566,3.10117E+15,伤人事故,广富林东路中创路南约15米,2014/10/24 17:37
567,3.10115E+15,死亡事故,南六公路朱明连路西约1米,2014/11/22 10:30
568,3.10106E+15,死亡事故,仙霞西路平塘路东约5米,2014/11/25 6:03
569,3.10115E+15,死亡事故,高桥江东路出凌海路北约150米,2014/12/4 6:09
570,3.10117E+15,死亡事故,荣乐西路出玉树路东约500米,2015/2/12 5:55
571,3.10112E+15,死亡事故,昆阳路剑川路北约200米,2014/10/10 9:40
572,3.10116E+15,死亡事故,罗山路博山路西北约5米,2014/9/16 10:48
573,3.10117E+15,死亡事故,松卫南路进漕廊公路南约20米,2015/1/7 7:45
574,3.10114E+15,死亡事故,沪宜公路进世盛路西约10米,2014/12/22 6:40
575,3.10116E+15,死亡事故,五洲大道南侧杨高北路上匝道,2014/11/20 23:20
576,3.10115E+15,死亡事故,新元南路两港大道东约5米,2014/9/29 10:23
577,3.10115E+15,死亡事故,康桥东路康新公路北约20米,2015/1/24 10:10
578,3.10115E+15,死亡事故,外环高速外侧13.3km约1米,2014/12/25 11:40
579,3.10114E+15,伤人事故,沪太路纬地路东约1米,2015/3/20 22:20
580,3.10113E+15,死亡事故,金石路沪太路路口,2014/11/19 9:52
581,3.10115E+15,死亡事故,嘉行公路进施钱路南约1000米,2015/1/14 17:30
582,3.10121E+15,死亡事故,林海公路进上塑路北约100米,2014/11/24 15:40
583,3.10115E+15,死亡事故,徐曹路开源路东约20米,2014/12/28 17:36
584,3.10113E+15,伤人事故,铁山路进水产路南约900米,2015/3/3 15:20
585,3.10116E+15,死亡事故,华夏西路进康杉路西约80米,2014/11/10 23:50
586,3.10114E+15,死亡事故,其他路洋桥村沈家宅,2014/11/8 18:33
587,3.10114E+15,死亡事故,沪嘉高速东侧23公里km约800米,2015/2/4 14:45
588,3.10118E+15,死亡事故,大叶公路出车亭公路东约850米,2015/1/1 17:38
589,3.10118E+15,伤人事故,松卫北路进塔闵公路北约80米,2015/1/18 12:23
590,3.10115E+15,死亡事故,上海绕城高速外侧54.6km约10米,2014/10/14 0:43
591,3.10112E+15,死亡事故,七莘路中谊路西约0米,2014/10/25 4:57
592,3.10116E+15,死亡事故,金海路顾唐路东约2米,2014/11/29 15:17
593,3.10114E+15,伤人事故,长江南路进淞塘路东约200米,2014/12/29 16:30
594,3.10114E+15,伤人事故,淞宝路淞青路西约0米,2014/12/29 20:50
595,3.10115E+15,死亡事故,宝安公路宝中路东约1米,2014/12/25 16:45
596,3.10117E+15,伤人事故,南乐路出新车公路西约200米,2015/1/14 0:05
597,3.10113E+15,死亡事故,金石路潘泾路路口,2014/12/31 5:21
598,3.10118E+15,死亡事故,华重公路进嘉松中路西约100米,2015/1/26 10:15
599,3.10106E+15,死亡事故,长宁路中山西路南约5米,2014/12/27 20:06
600,3.10107E+15,死亡事故,交通路进中山北路西约100米,2014/10/30 20:38
601,3.10114E+15,死亡事故,沪太公路曹新公路路口,2014/10/24 21:25
602,3.10115E+15,死亡事故,高木桥路进孙环路东约1米,2015/1/15 16:42
603,3.10117E+15,伤人事故,叶家公路出沪松公路东约100米,2015/1/24 14:57
604,3.10116E+15,死亡事故,老芦公路出塘北路北约500米,2014/11/30 11:40
605,3.10113E+15,伤人事故,立跃路万芳路东约10米,2014/10/26 9:45
606,3.10118E+15,死亡事故,莘松路出场西路东约300米,2014/11/21 20:15
607,3.10113E+15,死亡事故,江杨南路藻南路北约1米,2014/12/22 14:06
608,3.10121E+15,死亡事故,平庄东路沿钱公路东约3米,2014/9/17 11:10
609,3.1012E+15,死亡事故,平庄东路奉柘公路西约200米,2014/10/4 14:10
610,3.10105E+15,死亡事故,华山路出江苏路南约200米,2014/10/29 18:09
611,3.10113E+15,死亡事故,外环高速内侧85km约100米,2014/12/1 14:07
612,3.10114E+15,死亡事故,北大街进温宿路北约500米,2014/12/24 20:45
613,3.10116E+15,死亡事故,东川公路金海路东南约15米,2014/12/12 6:12
614,3.1023E+15,死亡事故,团城公路进新申公路东约300米,2014/12/26 6:00
615,3.1023E+15,伤人事故,陈海公路堡镇北路南约15米,2014/10/6 19:10
616,3.10116E+15,死亡事故,川南奉公路出下盐路北约400米,2014/10/18 16:25
617,3.10115E+15,死亡事故,其他路康桥镇锦绣华都小区,2014/11/26 15:42
618,3.10115E+15,死亡事故,华夏东路出凌空路东约150米,2015/1/1 3:05
619,3.10118E+15,死亡事故,华青南路出沪青平公路北约300米,2014/12/13 2:14
620,3.10118E+15,伤人事故,荣乐东路东兴路南约10米,2015/1/14 16:58
621,3.10117E+15,死亡事故,荣乐东路松卫北路东南约15米,2015/3/16 7:14
622,3.10114E+15,伤人事故,水产路进同泰北路西约200米,2014/10/19 16:00
623,3.10115E+15,死亡事故,沈海高速东侧1271.3km约1米,2014/10/31 2:50
624,3.10115E+15,死亡事故,外环高速内侧14km约700米,2014/11/21 22:09
625,3.10116E+15,死亡事故,申嘉湖高速南侧27.3km约30米,2015/1/27 21:00
626,3.10112E+15,死亡事故,沪闵路灯辉路北约50米,2015/1/7 21:00
627,3.10101E+15,伤人事故,南京东路西藏中路南约0米,2014/9/11 16:05
628,3.10115E+15,死亡事故,申嘉湖高速南侧22.8km约50米,2014/9/24 23:10
629,3.10114E+15,死亡事故,新川沙路潘泾路东约1米,2014/11/14 11:14
630,3.10114E+15,死亡事故,平遥路沪太路东约1米,2014/11/5 11:36
631,3.10117E+15,伤人事故,广富林东路出中凯路西约100米,2015/1/13 18:30
632,3.10118E+15,伤人事故,沪松公路广富林路东北约15米,2014/12/30 14:50
633,3.10117E+15,伤人事故,古楼公路出嘉松南路东约50米,2014/12/9 6:24
634,3.10116E+15,死亡事故,川沙路进民春路南约400米,2015/1/6 18:02
635,3.10114E+15,死亡事故,丰华公路丰庄西路西约300米,2014/12/13 7:55
636,3.10108E+15,伤人事故,共和新路永和路北约1米,2014/9/26 5:35
637,3.10119E+15,死亡事故,沪渝高速南侧25km约600米,2015/1/17 1:55
638,3.1012E+15,死亡事故,大叶公路东侧30km约100米,2014/11/30 20:37
639,3.10115E+15,死亡事故,高科东路齐爱路东约1米,2014/12/24 13:42
640,3.10117E+15,死亡事故,青昆公路出青天路南约50米,2014/11/8 6:00
641,3.10113E+15,死亡事故,纪翟路朱建路东南约10米,2014/10/19 23:49
642,3.10107E+15,死亡事故,真南路水厂路东约0米,2015/1/15 0:45
643,3.10121E+15,死亡事故,航塘公路进南奉公路南约700米,2014/12/18 18:20
644,3.10119E+15,死亡事故,白石公路老白石公路南约10米,2014/12/5 5:30
645,3.10115E+15,死亡事故,老芦公路港北路口,2014/12/20 10:50
646,3.10114E+15,死亡事故,墨玉路进昌吉路北约150米,2014/11/8 17:15
647,3.10115E+15,死亡事故,港城路出江泉路东约10米,2014/10/9 20:09
648,3.10116E+15,死亡事故,亭卫公路红旗东路东约1米,2014/12/1 9:35
649,3.10116E+15,死亡事故,浦星公路出红临路北约300米,2014/10/19 22:23
650,3.10115E+15,死亡事故,外环高速外侧75.7km约1米,2014/11/4 22:28
651,3.10113E+15,伤人事故,漕宝路莲花路西约5米,2015/3/29 22:47
652,3.10113E+15,伤人事故,沪太公路顾太路路口,2015/1/19 8:25
653,3.10114E+15,死亡事故,江杨南路呼兰路东约1米,2014/8/27 6:32
654,3.10117E+15,死亡事故,松卫北路进泖亭路北约10米,2014/12/15 15:43
655,3.10117E+15,死亡事故,长兴路进沪松公路东约20米,2014/12/1 23:34
656,3.10115E+15,死亡事故,济阳路进三航路北约500米,2015/1/8 20:30
657,3.10116E+15,死亡事故,外环高速东侧30km约1米,2015/4/1 21:55
658,3.10113E+15,伤人事故,景谷路华宁路东约0米,2015/1/27 22:30
659,3.10118E+15,伤人事故,荣乐东路出方塔北路东约100米,2015/1/13 7:05
660,3.10115E+15,死亡事故,银翔路槎溪路东约1米,2014/12/15 16:34
661,3.10109E+15,死亡事故,霍山路大连路南约00米,2014/11/22 18:50
662,3.10114E+15,死亡事故,沪太路南藻路东约1米,2014/12/14 14:41
663,3.10119E+15,死亡事故,沈太路进沈砖公路南约4000米,2015/1/16 14:00
664,3.10113E+15,死亡事故,虹梅南路进澄江路南约500米,2015/1/8 7:25
665,3.10114E+15,死亡事故,川公路湄星路(东)西南约1米,2014/12/21 8:30
666,3.10231E+15,死亡事故,北沿公路进港沿公路东约1000米,2014/11/1 17:40
667,3.10115E+15,死亡事故,大治河路进英墩路西约800米,2014/11/23 9:15
668,3.10109E+15,死亡事故,汶水东路出逸仙路西约100米,2014/12/13 1:07
669,3.10115E+15,死亡事故,泽普路进墨玉路西约200米,2014/12/4 4:10
670,3.10113E+15,死亡事故,银春路沪闵路西约600米,2014/11/24 18:52
671,3.10117E+15,死亡事故,漕廊公路进张溪路东约1米,2014/12/2 6:29
672,3.1023E+15,死亡事故,其他路港沿镇惠中村,2014/11/8 7:00
673,3.10121E+15,死亡事故,环城南路通阳路东约1米,2014/11/5 7:12
674,3.10116E+15,死亡事故,高桥江东路进草高公路西约150米,2015/3/17 9:08
675,3.10118E+15,死亡事故,沈海高速西侧1314km约47米,2014/12/10 13:27
676,3.10113E+15,财产损失事故,泰和路同济路路口东侧约200米处,2014/12/26 8:10
677,3.10118E+15,死亡事故,崧泽大道赵重公路北约5米,2014/11/20 21:30
678,3.10113E+15,死亡事故,联杨路进长联路南约100米,2014/12/29 13:58
679,3.10115E+15,死亡事故,恒飞路百安公路西约500米,2014/11/14 6:47
680,3.10116E+15,死亡事故,世纪大道出商城路东约33米,2014/11/30 22:30
681,3.10115E+15,伤人事故,宝钱公路嘉唐公路东约500米,2014/12/20 17:39
682,3.10116E+15,死亡事故,三宣公路进南团公路西约2000米,2014/12/20 5:50
683,3.10113E+15,伤人事故,宝安公路进菊泉街东约50米,2014/11/14 7:20
684,3.10118E+15,伤人事故,洞薛路进洞薛路洞西路东约2米,2015/1/11 16:10
685,3.10114E+15,死亡事故,军工路出淞军路西约300米,2015/2/7 12:13
686,3.10114E+15,死亡事故,和静路22弄7号门前东西向小路,2014/9/23 16:55
687,3.10118E+15,伤人事故,易富路进九新公路西约200米,2014/12/4 5:30
688,3.10114E+15,财产损失事故,沪太公路石太路东约10米,2014/12/30 9:40
689,3.10119E+15,死亡事故,沈海高速西侧1282km约700米,2015/2/5 19:58
690,3.10116E+15,死亡事故,康新公路周邓公路东约10米,2015/2/12 9:43
691,3.10115E+15,死亡事故,华夏中路罗山路东约30米,2015/1/30 13:04
692,3.1012E+15,死亡事故,团青公路奉村路东约1米,2015/2/23 13:10
693,3.10113E+15,死亡事故,虹梅南路外环高速东约0米,2015/3/30 11:40
694,3.10113E+15,伤人事故,立跃路浦秀路北约0米,2015/3/23 6:30
695,3.1011E+15,死亡事故,中山北二路四平路东约5米,2015/1/7 17:40
696,3.1012E+15,死亡事故,港文路海杰路东约100米,2015/2/15 6:03
697,3.10116E+15,死亡事故,高桥江东路出凌江路南约200米,2015/4/25 11:40
698,3.10109E+15,伤人事故,周家嘴路出通州路东约20米,2015/2/28 6:11
699,3.10116E+15,死亡事故,花木路出锦绣路东约30米,2015/3/1 19:15
700,3.10115E+15,死亡事故,南团公路出南芦公路北约500米,2015/1/29 22:30
701,3.1012E+15,死亡事故,奉柘公路进沪杭公路东约1000米,2015/3/11 9:20
702,3.10112E+15,伤人事故,立跃路浦秀路西约0米,2015/1/26 13:43
703,3.10113E+15,死亡事故,泰和路江杨北路东约1米,2014/9/15 6:00
704,3.10116E+15,死亡事故,沪芦高速南侧60.9km约50米,2015/4/7 8:05
705,3.10118E+15,财产损失事故,民益路新效路西约2米,2015/4/29 16:39
706,3.10116E+15,死亡事故,沪芦高速临港服务区北侧加油站,2015/1/16 20:43
707,3.10104E+15,死亡事故,中山南二路出天钥桥路西约200米,2015/4/12 18:30
708,3.10112E+15,伤人事故,北青公路进金光路西约800米,2015/3/23 18:10
709,3.10114E+15,伤人事故,石太路钱陆路东约1米,2015/2/28 13:00
710,3.10118E+15,伤人事故,泗砖南路进长兴东路南约400米,2015/4/1 19:39
711,3.10113E+15,伤人事故,祁连山路丰翔路北约0米,2015/2/10 14:10
712,3.10114E+15,死亡事故,上海绕城高速东侧173km约800米,2015/4/14 13:30
713,3.10115E+15,死亡事故,高桥江东路出凌高路南约80米,2015/3/22 18:53
714,3.10118E+15,伤人事故,千新公路出九江公路北约2米,2015/3/1 13:30
715,3.10116E+15,死亡事故,世纪大道进商城路西约10米,2015/4/1 20:14
716,3.10112E+15,伤人事故,华翔路进天山西路北约60米,2015/4/22 15:10
717,3.10113E+15,伤人事故,泉临路长临路东约1米,2015/1/15 22:02
718,3.10116E+15,死亡事故,南芦公路188弄158号上海成农饲料厂东门口,2015/4/12 11:15
719,3.10109E+15,死亡事故,长临路共康路东约5米,2015/3/21 13:41
720,3.10118E+15,伤人事故,九新公路进中心路南约20米,2015/4/19 21:56
721,3.10118E+15,死亡事故,练西公路进老朱枫公路西约300米,2015/3/1 20:25
722,3.10118E+15,死亡事故,华青北路天辰路南约10米,2015/3/12 20:17
723,3.10115E+15,死亡事故,上南路外环高速东约5米,2015/3/27 14:35
724,3.10108E+15,死亡事故,武宁路大渡河路东南约10米,2015/2/28 5:19
725,3.10109E+15,伤人事故,海伦西路进四川北路西约100米,2015/4/17 22:01
726,3.10112E+15,伤人事故,剑川路龙吴路西北约5米,2015/3/18 14:16
727,3.10114E+15,死亡事故,外环隧道内侧1km约500米,2015/2/7 14:35
728,3.10113E+15,伤人事故,虹梅南路出莘朱路南约30米,2015/3/14 20:52
729,3.10117E+15,死亡事故,新松江路出辰塔路西约25米,2015/4/3 21:45
730,3.10114E+15,死亡事故,思义路浏翔公路西南约5米,2015/2/14 16:20
731,3.10116E+15,死亡事故,申港大道环湖西三路东约5米,2015/2/25 9:25
732,3.10118E+15,伤人事故,泖亭路荣福路东南约10米,2015/1/23 12:32
733,3.10109E+15,伤人事故,中兴路大统路东约3米,2015/2/16 19:00
734,3.10108E+15,伤人事故,宝山路出西华路北约5米,2014/12/24 20:05
735,3.10113E+15,伤人事故,罗北路钱陆路东约1米,2015/4/26 11:50
736,3.10118E+15,财产损失事故,叶新公路张米公路西南约2米,2015/3/23 11:45
737,3.10116E+15,死亡事故,浦明路出塘桥新路北约200米,2015/4/6 7:41
738,3.10112E+15,伤人事故,三鲁公路江文路北约100米,2015/3/18 22:06
739,3.10113E+15,伤人事故,南大路南陈路东约200米,2015/4/1 7:15
740,3.10112E+15,伤人事故,光中路中春路南约1米,2015/3/20 5:45
741,3.10114E+15,死亡事故,刘石路进大治路北约300米,2015/3/6 16:50
742,3.10118E+15,伤人事故,刘五公路古楼公路北约15米,2015/3/30 12:32
743,3.10112E+15,死亡事故,沪闵路金都路东约00米,2015/3/18 5:22
744,3.10302E+15,财产损失事故,中环高架外侧ZW0076约0米,2015/4/28 22:50
745,3.10117E+15,伤人事故,梅家浜路进谷阳北路东约200米,2015/3/16 18:34
746,3.10115E+15,死亡事故,高科中路芳春路南约1米,2015/2/3 10:06
747,3.10117E+15,伤人事故,松卫北路塔闵公路西北约5米,2015/3/12 19:20
748,3.1012E+15,死亡事故,金闸公路南侧1km前约100米,2014/12/8 16:30
749,3.1012E+15,伤人事故,南奉公路进上海绕城高速内侧奉城上匝道东约100米,2014/12/20 23:23
750,3.10116E+15,死亡事故,洲海路华东路东约1米,2015/2/12 9:20
751,3.10115E+15,死亡事故,塔城路梅园路西约150米,2015/4/6 18:45
752,3.1012E+15,死亡事故,环城西路进西闸公路西约500米,2014/12/30 3:45
753,3.10231E+15,死亡事故,乔松路出绿海路东约100米,2014/12/25 11:57
754,3.10115E+15,死亡事故,川桥路出金豫路西约100米,2015/1/14 4:40
755,3.10113E+15,伤人事故,沪太路朗枫路北约500米,2015/4/16 13:30
756,3.10118E+15,死亡事故,松蒸公路进彭丰路西约20米,2015/2/8 23:00
757,3.10116E+15,死亡事故,施新路施湾三路东约1米,2015/4/22 1:19
758,3.10119E+15,死亡事故,外青松公路崧泽大道北约5米,2015/2/2 19:20
759,3.10114E+15,死亡事故,百安公路进宝钱公路南约500米,2015/4/2 10:16
760,3.10113E+15,财产损失事故,上海绕城高速内侧208km约500米,2014/12/29 20:00
761,3.10115E+15,死亡事故,杨高北路秋霞路东约1米,2015/1/3 13:41
762,3.10113E+15,伤人事故,川公路进罗北路北约200米,2015/2/5 9:20
763,3.10116E+15,死亡事故,杨高北路草高支路东约1米,2015/3/11 19:12
764,3.1012E+15,死亡事故,奉柘公路金海公路东约2米,2015/4/15 6:33
765,3.10113E+15,财产损失事故,牡丹江路出海江三路北约20米,2015/2/10 20:30
766,3.10116E+15,死亡事故,张杨北路衡安路东约1米,2015/4/29 15:00
767,3.10108E+15,死亡事故,岚皋路岚皋西路北约0米,2015/3/9 1:36
768,3.10118E+15,伤人事故,荣乐西路三新路东约2米,2015/3/5 13:35
769,3.10108E+15,死亡事故,中山北路出共和新路西约150米,2015/4/13 10:10
770,3.10104E+15,死亡事故,番禺路秀山路南约5米,2015/1/28 13:30
771,3.10115E+15,死亡事故,杨高南路进浦建路南约100米,2015/4/4 14:15
772,3.10117E+15,伤人事故,叶新公路出松金公路东约100米,2015/3/11 20:45
773,3.10114E+15,伤人事故,真华路出华灵路南约60米,2015/2/26 7:45
774,3.10114E+15,伤人事故,沪翔高速内侧21km约200米,2015/3/2 3:30
775,3.10114E+15,财产损失事故,宝杨路进江杨北路(东)西约30米,2015/1/20 21:45
776,3.10115E+15,死亡事故,浏翔公路丰翔路西约20米,2015/2/12 23:20
777,3.10116E+15,死亡事故,南六公路进下盐公路北约100米,2015/3/1 15:20
778,3.10112E+15,伤人事故,申嘉湖高速南侧39.4km约200米,2015/3/25 6:35
779,3.10114E+15,死亡事故,澄浏中路横仓公路北约1米,2015/3/15 19:10
780,3.10112E+15,死亡事故,虹梅南路出放鹤路北约30米,2015/3/24 17:16
781,3.10118E+15,死亡事故,天辰路进久远路西约10米,2015/3/4 21:15
782,3.10231E+15,死亡事故,北沿公路出港沿公路西约1500米,2015/4/2 18:50
783,3.10113E+15,伤人事故,宝杨路海江一路东约1米,2015/3/3 16:54
784,3.10115E+15,死亡事故,民雷路出秦家港路南约20米,2015/4/19 14:21
785,3.10118E+15,伤人事故,闵申路进茜浦路东约50米,2015/3/20 18:30
786,3.10104E+15,死亡事故,中山南二路出兆丰路东约5米,2015/1/7 21:08
787,3.10116E+15,死亡事故,周祝公路出周园路东约500米,2015/1/13 19:25
788,3.10113E+15,死亡事故,真金路武威东路东约1米,2015/4/7 18:47
789,3.10113E+15,死亡事故,其他路共富一村,2014/11/18 15:34
790,3.10116E+15,死亡事故,施湾二路施新路东约1米,2014/12/30 19:15
791,3.10109E+15,伤人事故,海宁路出乌镇路东约20米,2015/4/27 8:49
792,3.10116E+15,死亡事故,陆家嘴东路进陆家嘴环路西约100米,2015/3/3 22:30
793,3.10118E+15,财产损失事故,香闵路香车路南约10米,2015/4/15 13:00
794,3.10115E+15,死亡事故,上海绕城高速北侧173km约10米,2015/3/11 11:05
795,3.1012E+15,死亡事故,航南公路沪杭公路东约1米,2014/12/29 14:14
796,3.10231E+15,死亡事故,北沿公路新海北路东约500米,2015/3/5 9:50
797,3.10114E+15,死亡事故,沪太公路进曹新公路南约600米,2014/12/26 12:53
798,3.10113E+15,伤人事故,宝南路进七莘路东约300米,2015/2/7 13:04
799,3.10101E+15,伤人事故,斜土路出制造局路西约150米,2015/4/19 23:13
800,3.10117E+15,伤人事故,人民北路进梅家浜路南约100米,2015/4/27 17:50
801,3.10116E+15,死亡事故,松金公路进金张公路南约1米,2015/3/22 16:10
802,3.10107E+15,死亡事故,桃浦路大渡河路东约50米,2015/1/17 13:21
803,3.10115E+15,死亡事故,北周路进外钱公路(西)西约300米,2015/3/15 18:10
804,3.10113E+15,死亡事故,汶水路真北路东约1米,2015/4/2 9:00
805,3.1011E+15,伤人事故,纪念路逸仙路南约00米,2015/1/29 21:23
806,3.10121E+15,死亡事故,奉柘公路进沿钱路西约500米,2015/1/22 20:20
807,3.10117E+15,伤人事故,车阳路香泾路东南约5米,2014/12/24 11:13
808,3.10112E+15,死亡事故,申嘉湖高速南侧34km约50米,2015/2/4 12:43
809,3.10115E+15,死亡事故,陈行公路进上南路南约500米,2015/3/8 17:50
810,3.10114E+15,死亡事故,刘场路出共康路北约300米,2015/4/26 10:45
811,3.10117E+15,伤人事故,刘五公路进古楼公路北约100米,2015/4/18 20:57
812,3.10115E+15,伤人事故,胜竹路进城北路西约200米,2015/4/3 19:30
813,3.10118E+15,死亡事故,沈海高速西侧1317km约600米,2015/4/11 21:00
814,3.10113E+15,伤人事故,吴中路古北路东北约0米,2015/3/22 18:45
815,3.10113E+15,伤人事故,沪青平公路航新路东南约15米,2015/1/29 20:51
816,3.10113E+15,死亡事故,友谊路进铁峰路西约50米,2015/4/7 20:15
817,3.10117E+15,死亡事故,松卫北路进北松公路北约250米,2015/4/1 8:33
818,3.10116E+15,死亡事故,大川公路进拱乐路北约200米,2015/2/15 4:45
819,3.10118E+15,死亡事故,白石公路进程鹤路西约200米,2015/3/17 18:07
820,3.10116E+15,死亡事故,蓝天路进红枫路西约200米,2015/4/4 21:35
821,3.10113E+15,死亡事故,泰和路铁山路路口,2015/2/10 8:42
822,3.10114E+15,死亡事故,逸仙路安达路南约1米,2015/1/20 18:46
823,3.10114E+15,伤人事故,真陈路城银路路口,2015/2/4 10:35
824,3.10107E+15,死亡事故,巨鹿路富民路东约3米,2015/1/30 15:25
825,3.10113E+15,死亡事故,外环高速西侧67km约10米,2015/2/16 20:51
826,3.10116E+15,死亡事故,东川公路金海路东约1米,2015/3/31 16:10
827,3.10117E+15,死亡事故,莘砖公路同乐路东约10米,2015/3/25 17:40
828,3.10114E+15,死亡事故,盘古路铁力路路口,2015/3/31 14:02
829,3.10116E+15,死亡事故,三三公路出滨果公路东约400米,2015/2/9 21:17
830,3.10109E+15,伤人事故,浙江北路天潼路北约5米,2015/1/14 14:59
831,3.10114E+15,伤人事故,川路进联谊路北约150米,2015/3/26 7:00
832,3.10119E+15,伤人事故,崧泽大道嘉松中路东约5米,2015/3/22 14:10
833,3.10114E+15,伤人事故,罗北路进川公路西约600米,2015/3/20 17:51
834,3.10113E+15,伤人事故,龙茗路出平阳路南约80米,2015/4/2 17:05
835,3.10118E+15,伤人事故,莘砖公路高技路西约15米,2015/4/13 20:54
836,3.10114E+15,死亡事故,石太路进沪太路东约200米,2015/3/31 14:24
837,3.1011E+15,伤人事故,四平路进吴淞路北约150米,2015/1/30 21:30
838,3.10116E+15,死亡事故,张杨路德平路东约1米,2015/4/26 18:35
839,3.10113E+15,伤人事故,华翔路进天山西路北约100米,2015/4/28 22:05
840,3.1012E+15,死亡事故,奉柘公路星火公路东约1米,2015/3/25 7:25
841,3.10115E+15,死亡事故,曹安公路出米泉路西约200米,2015/3/12 18:22
842,3.10113E+15,伤人事故,沪太路月罗路东约1米,2015/3/13 20:14
843,3.10113E+15,伤人事故,淞滨支路淞滨路北约200米,2015/4/3 8:10
844,3.10108E+15,伤人事故,三泉路出保德路北约300米,2015/1/5 5:42
845,3.10118E+15,死亡事故,叶新公路思源路西约20米,2015/3/29 8:32
846,3.10115E+15,死亡事故,华东路进龙东大道南约5米,2015/1/24 21:59
847,3.10115E+15,死亡事故,凌白公路庆利路东约1米,2015/2/6 18:58
848,3.10119E+15,死亡事故,老朱枫公路顾林路东北约18米,2015/2/20 16:50
849,3.10112E+15,伤人事故,虹梅路出宜山路南约55米,2015/3/16 14:05
850,3.10116E+15,死亡事故,南芦公路东大公路南约1米,2015/1/5 5:46
851,3.10115E+15,死亡事故,宣黄公路进川南奉公路西约100米,2015/4/9 7:46
852,3.10113E+15,伤人事故,沪闵路新苗路北约5米,2015/3/24 20:16
853,3.10231E+15,死亡事故,汲浜公路出永北路北约5米,2015/2/26 8:30
854,3.10115E+15,死亡事故,南芦公路出东大公路北约800米,2015/2/15 4:20
855,3.10118E+15,伤人事故,沈砖公路青天路南约5米,2015/3/10 19:10
856,3.1012E+15,死亡事故,沿钱公路东侧2km约500米,2014/12/13 8:13
857,3.10112E+15,死亡事故,莘松路进沪闵公路西约60米,2015/4/23 8:52
858,3.10121E+15,死亡事故,沿钱公路金大公路北约100米,2015/4/18 2:50
859,3.10114E+15,死亡事故,真陈路丰翔路东约1米,2015/2/13 7:38
860,3.10112E+15,死亡事故,剑川路沪闵路南约1米,2015/3/9 8:08
861,3.10111E+15,死亡事故,双阳路出控江路南约200米,2015/1/25 22:05
862,3.10115E+15,死亡事故,新德西路进?韵杪范00米,2015/2/11 10:42
863,3.10102E+15,死亡事故,打浦路隧道通耀路北约5米,2015/3/13 20:25
864,3.10115E+15,死亡事故,高桥江东路港城路北约1米,2015/2/7 11:12
865,3.1011E+15,死亡事故,大连路进长阳路南约50米,2015/2/2 6:00
866,3.10115E+15,死亡事故,张杨北路五莲路东约1米,2015/3/10 10:17
867,3.10117E+15,伤人事故,沪松公路卖新公路西约5米,2015/1/17 17:16
868,3.10112E+15,伤人事故,颛兴东路都会路东约1米,2015/4/15 17:58
869,3.10119E+15,死亡事故,崧泽大道出崧盈路东约600米,2015/4/2 6:08
870,3.10117E+15,伤人事故,沧泾路出九泾路东约250米,2015/3/16 19:12
871,3.10117E+15,死亡事故,莘砖公路出泗砖公路东约20米,2015/2/1 19:30
872,3.10112E+15,死亡事故,浦星公路竹园路东约0米,2015/4/20 9:46
873,3.10118E+15,伤人事故,平阳河路进同乐路东约300米,2015/3/5 17:21
874,3.10231E+15,死亡事故,,2015/2/9 8:32
875,3.10117E+15,伤人事故,泗凤公路进刘五公路东约200米,2015/3/20 7:44
876,3.10116E+15,死亡事故,金海路出金穗路西约70米,2015/3/8 8:45
877,3.10112E+15,伤人事故,陈行公路万芳路西约300米,2015/4/28 6:38
878,3.10114E+15,死亡事故,牡丹江路宝杨路东约1米,2014/10/27 14:33
879,3.10116E+15,死亡事故,上南路进凌兆路南约10米,2015/1/24 6:50
880,3.10118E+15,伤人事故,同乐北路出长浜路北约150米,2015/3/30 0:15
881,3.10117E+15,伤人事故,泗砖路长施公路东约5米,2015/4/15 8:59
882,3.10112E+15,伤人事故,文井路进东川路北约500米,2015/4/27 8:02
883,3.10114E+15,伤人事故,沪太公路金石路东约1米,2015/3/12 19:10
884,3.10105E+15,伤人事故,虹梅路顾戴路(西)东南约10米,2015/3/26 5:01
885,3.10118E+15,伤人事故,泖亭路华长路西约3米,2015/3/2 17:27
886,3.10114E+15,死亡事故,祁连山路进锦秋路东约500米,2015/4/10 21:00
887,3.10114E+15,伤人事故,四元路进宝泉路东约150米,2015/2/5 21:00
888,3.10101E+15,死亡事故,金陵中路嵩山路西约0米,2015/1/11 17:23
889,3.10114E+15,死亡事故,博园路钱家村路西约3米,2015/3/17 10:29
890,3.10113E+15,死亡事故,友谊路出克山路西约200米,2015/4/4 10:30
891,3.10117E+15,伤人事故,竹亭路进山房公路北约5米,2015/1/5 21:00
892,3.10116E+15,死亡事故,莱阳路出衡安路北约100米,2015/3/21 21:37
893,3.10113E+15,财产损失事故,同济路出宝杨路南约100米,2015/2/9 5:36
894,3.10115E+15,死亡事故,张杨北路江东支路(北)南约20米,2015/1/14 7:08
895,3.10115E+15,死亡事故,川南奉公路进航城路南约100米,2015/1/9 20:38
896,3.10115E+15,伤人事故,鹤望路出金运路东约200米,2015/2/14 13:50
897,3.10231E+15,死亡事故,潘圆公路出大兴路东约500米,2015/2/26 18:47
898,3.10109E+15,伤人事故,天目中路大统路东约5米,2015/1/27 23:35
899,3.10114E+15,死亡事故,泰和路铁山路南约3米,2014/12/14 20:17
900,3.1012E+15,死亡事故,浦星公路东侧30km约50米,2015/2/27 7:30
901,3.10115E+15,死亡事故,沪南公路六奉公路南约3米,2015/1/1 10:13
902,3.10113E+15,伤人事故,昆阳路出剑川路北约100米,2015/4/23 16:52
903,3.10117E+15,死亡事故,叶家公路进沪松公路东约500米,2015/3/27 20:32
904,3.10115E+15,死亡事故,其他路航头镇海桥村,2015/2/18 19:00
905,3.10104E+15,伤人事故,漕宝路虹漕南路东南约10米,2015/4/16 12:01
906,3.10121E+15,死亡事故,沪杭公路进新北路北约200米,2015/3/12 18:50
907,3.10109E+15,伤人事故,共和新路中山北路北约5米,2015/3/17 15:26
908,3.10108E+15,死亡事故,共和新路出永和路南约100米,2015/4/12 2:14
909,3.1011E+15,死亡事故,四平路出密云路北约200米,2014/12/19 5:30
910,3.10118E+15,财产损失事故,荣乐东路进联阳路西约20米,2015/1/19 7:30
911,3.10231E+15,死亡事故,向化公路进陈海公路南约200米,2015/2/5 15:00
912,3.10116E+15,死亡事故,浦东大道进团林路西约25米,2015/2/28 9:57
913,3.1012E+15,死亡事故,观工路进南海公路南约200米,2014/12/19 20:11
914,3.10113E+15,死亡事故,军工路淞军路路口,2015/3/8 9:00
915,3.10118E+15,死亡事故,玉树路进闵塔公路北约200米,2015/1/28 23:40
916,3.10118E+15,死亡事故,人民北路出南期昌路南约10米,2015/4/6 18:18
917,3.10117E+15,死亡事故,叶新公路进范家公路西约1200米,2015/4/6 19:15
918,3.10118E+15,死亡事故,锦商公路出商前路北约1000米,2015/1/10 7:42
919,3.10118E+15,伤人事故,荣乐东路进方塔北路东约200米,2015/3/31 11:40
920,3.10101E+15,死亡事故,复兴中路进茂名南路东约100米,2015/3/28 18:13
921,3.10118E+15,伤人事故,人民北路出新松江路南约150米,2015/4/16 9:35
922,3.10107E+15,死亡事故,新村路大华路南约0米,2015/1/26 16:20
923,3.10231E+15,死亡事故,北沿公路出汲浜公路北约5米,2015/3/25 17:00
924,3.10112E+15,伤人事故,宁虹路出申昆路西约150米,2015/3/18 8:23
925,3.10121E+15,死亡事故,川南奉公路东侧48km约200米,2015/3/8 18:05
926,3.10115E+15,死亡事故,五洲大道东侧五洲大道南侧杨高北路下匝道前约800米,2015/2/11 18:20
927,3.10116E+15,死亡事故,其他路仓房村,2015/1/22 19:09
928,3.10117E+15,死亡事故,金廊公路进朱吕公路南约200米,2015/3/12 6:20
929,3.10118E+15,死亡事故,朱枫公路进康业路北约10米,2015/3/28 11:55
930,3.10221E+15,伤人事故,港建路越海路口,2015/3/27 11:11
931,3.10112E+15,伤人事故,北青公路华翔路西南约15米,2015/3/31 7:07
932,3.10114E+15,死亡事故,胜辛路洪德路东约2米,2015/1/12 10:59
933,3.10114E+15,死亡事故,月罗公路富乐支路东约1米,2015/1/20 19:04
934,3.10117E+15,伤人事故,明中路出新育路东约300米,2015/3/7 13:24
935,3.10115E+15,死亡事故,外环高速东侧28.5km约10米,2015/1/30 4:55
936,3.10108E+15,死亡事故,粤秀路出彭江路北约200米,2015/3/15 20:25
937,3.1011E+15,伤人事故,周家嘴路新建路南约0米,2015/4/17 9:20
938,3.1012E+15,死亡事故,大叶公路东侧31km约200米,2015/1/14 11:15
939,3.10109E+15,伤人事故,中兴路进恒丰北路西约100米,2015/2/8 9:28
940,3.10115E+15,死亡事故,莱阳路出沪东路南约15米,2015/3/20 16:20
941,3.10121E+15,死亡事故,南亭公路进浦卫公路西约500米,2015/1/22 15:05
942,3.10113E+15,伤人事故,锦秋路出祁连山路东约800米,2015/3/12 13:57
943,3.10115E+15,死亡事故,靖远路临洮路南约5米,2015/3/12 6:42
944,3.10113E+15,死亡事故,,2015/2/5 15:30
945,3.10117E+15,伤人事故,泗砖路进沪松公路南约40米,2015/3/29 10:17
946,3.10115E+15,死亡事故,外环高速外侧77Km+400M处,2015/4/6 0:25
947,3.1012E+15,死亡事故,金钱公路进平庄西路北约800米,2015/1/5 19:51
948,3.10117E+15,伤人事故,明华路进明中路南约100米,2015/3/26 16:26
949,3.10114E+15,伤人事故,水产路进铁力路西约50米,2015/3/20 10:55
950,3.10114E+15,伤人事故,宝安公路沪太公路路口,2015/1/14 7:30
951,3.10116E+15,死亡事故,亭枫公路进松卫南路东约1000米,2015/1/28 18:00
952,3.10108E+15,死亡事故,交通路进志丹路西约130米,2015/1/29 5:50
953,3.10113E+15,死亡事故,友谊路1869弄,2015/3/28 22:03
954,3.10117E+15,伤人事故,北松公路汇北公路西北约5米,2015/4/10 10:13
955,3.10105E+15,伤人事故,衡山路进乌鲁木齐南路西约150米,2015/2/4 0:40
956,3.10113E+15,伤人事故,闸航路出召泰路西约20米,2015/3/18 0:40
957,3.10118E+15,伤人事故,泗陈公路出沪松公路西约1000米,2015/3/11 19:28
958,3.10117E+15,死亡事故,新车公路新加路南约5米,2015/4/27 19:11
959,3.1012E+15,死亡事故,秀南路南中路东约5米,2014/12/31 15:50
960,3.10114E+15,伤人事故,宝安公路联杨路东约300米,2015/1/13 19:28
961,3.10114E+15,死亡事故,月罗公路段泾路路口,2015/1/14 7:04
962,3.10118E+15,伤人事故,沪松公路江川路东南约12米,2015/3/28 11:10
963,3.10112E+15,死亡事故,吴中路进新镇路西约100米,2015/4/28 8:10
964,3.10118E+15,死亡事故,沈海高速西侧1299km约100米,2015/1/24 6:00
965,3.10223E+15,死亡事故,日樱南路进德堡路南约300米,2015/2/4 14:30
966,3.10113E+15,死亡事故,朱梅路进虹梅南路东约800米,2015/2/27 18:01
967,3.10118E+15,伤人事故,振业路进张泾路西约80米,2015/3/14 14:38
968,3.1012E+15,死亡事故,上海绕城高速东侧88km约500米,2015/4/7 9:00
969,3.10118E+15,死亡事故,林荫新路出林绿路西约800米,2015/4/9 1:50
970,3.10117E+15,死亡事故,松汇西路玉树路西北约10米,2015/1/30 10:21
971,3.10107E+15,死亡事故,高陵路铜川路西南约0米,2015/4/1 18:58
972,3.10117E+15,伤人事故,车亭公路进引水公路南约100米,2015/3/11 5:35
973,3.10118E+15,死亡事故,前云路进徐南路南约800米,2015/4/20 1:00
974,3.10108E+15,伤人事故,共和新路进汶水路南约5米,2015/4/15 6:13
975,3.10113E+15,死亡事故,杨北路进杨宗支路东约150米,2015/4/22 8:45
976,3.10117E+15,死亡事故,九新公路进明中路北约100米,2015/4/22 5:29
977,3.10113E+15,死亡事故,月罗公路出锦乐路西约300米,2015/4/4 21:37
978,3.10115E+15,死亡事故,靖远路临洮路南约1米,2015/4/28 14:44
979,3.10114E+15,死亡事故,顾北路进潘泾路西约300米,2015/4/19 4:20
980,3.10116E+15,死亡事故,其他路老港镇二灶港路日新13组,2015/4/27 12:30
981,3.10113E+15,伤人事故,罗北路沪太公路东约1米,2015/4/5 9:15
982,3.1011E+15,死亡事故,国伟路出闸殷路东约200米,2015/3/16 8:05
983,3.10114E+15,死亡事故,富锦路江杨北路南约5米,2015/4/13 23:26
984,3.10105E+15,财产损失事故,康健路习勤路东约5米,2015/4/30 11:02
985,3.10115E+15,死亡事故,迎宾高速西侧迎宾高速北侧唐黄上匝道前约2米,2015/1/29 12:30
986,3.10116E+15,死亡事故,金海路出川沙路西约50米,2015/4/27 23:11
987,3.10116E+15,死亡事故,川展路南六公路东约1米,2015/4/30 15:43
988,3.10113E+15,伤人事故,莲花南路金都路北约5米,2015/4/13 7:37
989,3.10117E+15,伤人事故,大叶公路进济众路东约10米,2015/4/15 11:40
990,3.10101E+15,死亡事故,西藏南路大林路东约0米,2015/4/24 22:07
991,3.10105E+15,伤人事故,龙吴路出景联路(西)北约200米,2015/4/24 11:11
992,3.10116E+15,死亡事故,成山路华鹏路西北约3米,2015/4/9 23:31
993,3.10101E+15,死亡事故,金陵东路出广西南路西约30米,2015/3/30 9:50
994,3.10116E+15,死亡事故,台儿庄路出长岛路南约200米,2015/2/2 19:50
995,3.10114E+15,死亡事故,月罗公路进罗东路西约100米,2015/1/28 18:44
996,3.10119E+15,死亡事故,华青路进新达路南约20米,2015/4/13 21:23
997,3.10114E+15,伤人事故,市一东路进潘泾路西约250米,2015/4/13 19:15
998,3.10117E+15,死亡事故,金山大道进杭州湾大道东约1米,2015/4/9 0:01
999,3.10114E+15,伤人事故,富锦路潘泾路东约1米,2015/4/3 6:50
1000,3.10114E+15,伤人事故,沪太支路进守仁桥街西约300米,2015/4/28 10:09
1001,3.1023E+15,死亡事故,草港公路出永前二号路西约20米,2015/4/13 12:15
1002,3.10118E+15,伤人事故,塔闵公路出松卫北路西约300米,2015/4/8 18:55
1003,3.10108E+15,死亡事故,延长西路进宜川路东约60米,2015/4/19 19:05
1004,3.10114E+15,死亡事故,铁山路进铁通路南约300米,2015/4/21 16:35
1005,3.10116E+15,死亡事故,洲海路华东路西南约3米,2015/4/15 19:13
1006,3.10102E+15,伤人事故,复兴中路陕西南路西约0米,2015/4/25 17:58
1007,3.1011E+15,死亡事故,长阳路出舟山路东约5米,2015/4/25 7:20
1008,3.10115E+15,死亡事故,杨高北路港城路东约1米,2015/4/8 10:58
1009,3.10117E+15,伤人事故,泗砖路进长施公路南约150米,2015/4/11 23:57
1010,3.10116E+15,死亡事故,浦明路商城路东北约5米,2015/4/29 19:31
1011,3.10115E+15,死亡事故,高科西路出杨高南路北约200米,2015/3/13 21:24
1012,3.10118E+15,死亡事故,白石公路进新胜路西约600米,2015/4/6 15:32
1013,3.10102E+15,死亡事故,鲁班路出南塘浜路南约250米,2015/4/18 21:07
